Guild Members; ObiWanPeace; Vignemale; Dark Nash; Heavo24; valkorion; valkorion; Phôenyx; Obiwan18; GuigzZ; Boby Leymard; taquin; Wébélu; Cay; Kaa76; El fifi ; Belette Manon ; Alligume ; DaleX ; Nuke; Obi Dam Nabira ; Blood Eagle ; Maus Ter; Lumpouille; Korto Vos ; Jaarael; Whills Wotan; B; Kaïpan; Tataf; Feanor Lacer; Pouhpou; Drauglin Lucas; Chris de France; Ulfberht; Dovahkiin; Xilebo; Nightmarr; Bibo; Agen Kolar; bananesandco; Karrak; Domotikator; Codex2151; Daïdhara; Ben; M'enfin; Baby Sia; Kobalt; FloX mol eliza; Revanche Gilder
0-0-0; ; 105; 138; ; 105; 105; 203; ; ; 105; 232; ; 105; 105; 156; 128; 105; 171; 105; 105; 105; ; ; 105; ; ; 105; 105; 105; ; 105; ; 105; 215; 105; ; 105; 105; 105; ; 171; ; ; 107; ; ; 263; 273; 105; 105
50R-T; ; 108; 135; 108; 108; 108; 136; 108; ; 108; 196; ; 108; 108; 164; 146; 108; 200; 108; ; 108; ; ; 108; ; ; 108; 108; 189; ; 108; 160; 133; 108; 108; ; 108; ; 108; ; 132; 208; ; 108; ; ; 108; 227; 108; 218
ARC Trooper; 282; 289; 278; 272; 289; 289; 294; 280; 284; 245; 248; 268; 242; 307; 259; 258; 283; 255; 324; 240; 287; 269; 292; 266; 239; 295; 233; 254; 300; 303; 269; 283; 261; 283; 276; 290; 261; 261; 254; 274; 313; 300; 244; 151; 256; 281; 294; 277; 290; 302
Aayla Secura; 245; 224; 283; 80; 80; 80; 194; 254; 233; 190; 215; 210; 208; 236; 129; 209; 219; 220; 233; 80; 227; 221; 229; 191; 213; 218; 117; 229; 233; 232; 80; 212; 222; 213; 80; 109; 80; 212; 189; 192; 188; 245; 148; 192; 80; 235; 191; 220; 265; 117
Admiral Ackbar; 179; 210; 173; 113; 178; 178; 153; 221; 180; 185; 182; 180; 208; 179; 188; 188; 193; 201; 179; 119; 156; 209; 219; 126; 111; 150; 155; 200; 150; 194; 162; 142; 201; 181; 143; 196; 199; 172; 151; 205; 174; 184; 128; 113; 188; 151; 144; 149; 189; 175
Admiral Piett; 285; 328; 260; 282; 318; 318; 321; 233; 328; 196; 299; 246; 272; 324; 256; 207; 269; 239; 303; 245; 266; 318; 298; 261; 220; 313; 268; 326; 319; 286; 293; 275; 312; 321; 355; 323; 330; 322; 322; 230; 301; 315; 233; 322; 339; 255; 331; 306; 271; 329
Admiral Raddus; ; 105; 128; 105; 105; 105; 144; 105; ; 105; 244; 188; 322; 105; 150; 165; 214; 210; 105; 105; 105; ; ; 105; ; ; 267; 144; ; 105; 105; 131; 183; 105; 105; 111; 105; ; 105; 147; 179; 294; ; 105; ; 105; 175; 105; 105; 138
Admiral Trench; ; ; ; ; ; ; ; ; ; ; ; ; ; ; ; ; ; ; ; ; ; ; ; ; ; ; ; ; ; ; ; ; ; ; ; ; ; ; ; ; ; ; ; ; ; ; ; ; ; 
Ahsoka Tano; 252; 229; 241; 228; 218; 218; 230; 187; 240; 220; 217; 205; 246; 207; 208; 219; 218; 209; 219; 194; 241; 235; 213; 211; 242; 226; 199; 237; 228; 235; 227; 212; 221; 211; 209; 242; 208; 225; 219; 205; 202; 188; 142; 203; 205; 218; 239; 247; 203; 200
Ahsoka Tano (Fulcrum); 146; 112; 198; 112; 125; 125; 142; 130; ; 135; 208; ; 190; 130; 180; 182; 196; 186; 237; 112; 112; 121; 240; 160; 151; 125; 136; ; 154; 112; 112; 228; 270; 112; 112; 112; 181; 125; 142; 136; 156; 232; 112; 223; ; 187; 112; 136; 125; 130
Amilyn Holdo; 102; 70; 102; 192; 70; 70; 179; 74; ; 90; 90; 80; 70; 70; 153; 109; 145; 158; 70; 205; 70; 74; 178; 73; ; 70; 108; 70; ; 165; 92; 103; 155; 70; 80; 140; 70; 70; 70; 74; 107; 141; 70; 70; 70; 186; 140; 175; 84; 159
Asajj Ventress; 224; 191; 198; 181; 184; 184; 226; 217; 201; 214; 231; 188; 204; 213; 189; 203; 232; 223; 210; 196; 128; 192; 201; 194; 195; 199; 192; 232; 195; 224; 196; 222; 225; 149; 172; 190; 211; 166; 197; 208; 193; 192; 180; 148; 149; 186; 150; 208; 211; 175
Aurra Sing; 115; 115; 163; 115; 115; 115; 212; 198; 210; 193; 216; 165; 206; 217; 202; 201; 259; 199; 147; 115; 115; 135; 170; 115; 167; 245; 144; 115; ; ; 115; 237; 187; 185; 115; 144; 115; 115; 211; 147; 167; 211; ; 115; 115; 167; 115; 231; 115; 147
B1 Battle Droid; 261; 248; 251; 263; 287; 287; 278; 267; 283; 259; 258; 237; 265; 243; 247; 253; 270; 244; 266; 269; 262; 238; 242; 253; 206; 270; 232; 248; 240; 274; 295; 238; 255; 246; 222; 248; 262; 257; 279; 243; 247; 230; 258; 256; 244; 285; 197; 245; 218; 211
B2 Super Battle Droid; 196; 173; 181; 188; 269; 269; 243; 135; 183; 153; 143; 197; 199; 188; 181; 211; 225; 206; 158; 160; 228; 179; 179; 167; 141; 173; 206; 183; 182; 218; 212; 196; 217; 216; 176; 184; 145; 209; 228; 149; 160; 167; 148; 228; 154; 177; 141; 176; 153; 149
BB-8; 235; 311; ; 298; 228; 228; 291; 144; ; 272; 274; 156; ; 234; 212; 170; 262; 231; 294; 304; 183; 294; 213; 198; 150; 266; 239; 234; 120; 241; 161; 224; 251; 271; 283; 287; 250; ; 265; 250; 212; 195; 225; 206; 120; 287; 194; 300; 244; 234
BT-1; ; 105; 129; ; 105; 105; 144; ; ; 105; 230; ; 105; 105; 153; 137; 105; 180; 105; 105; 105; 246; ; 105; ; ; 105; 105; 105; ; 105; ; 135; 105; 105; ; 105; 105; 105; ; 138; ; ; 132; ; ; 206; 224; ; 105
Barriss Offee; 100; 100; 135; 100; 100; 100; 100; 100; 100; 151; 203; 166; 100; 100; 152; 172; 183; 182; 100; 100; 174; ; 100; 165; 158; 186; 167; 109; 100; 184; 100; 100; 203; 175; 100; 100; 132; 100; 114; 114; 171; 166; ; 100; 100; 195; 160; 168; 200; 114
Bastila Shan; 228; 273; 240; 250; 227; 227; 235; 228; 217; 244; 200; 148; 258; 231; 216; 240; 209; 253; 236; 209; 226; 236; 231; 172; 199; 235; 200; 237; 234; 266; 204; 241; 257; 233; 249; 191; 207; 241; 199; 240; 203; 203; 208; 261; 213; 227; 192; 199; 198; 207
Bastila Shan (Fallen); 287; 296; 297; 276; 175; 175; 277; 280; ; 278; 260; 194; 288; 304; 248; 277; 228; 300; 313; 268; 291; 252; 251; 252; 226; 320; 269; 256; 288; 309; 282; 272; 300; 275; 291; 273; 290; 276; 286; 230; 276; 265; 246; 225; 100; 252; 218; 240; 254; 276
Baze Malbus; 90; 90; 123; 90; 90; 90; 90; 90; ; 136; 90; ; 157; 90; 153; 130; 178; 130; 90; 90; 153; ; 154; 90; ; 127; 90; 90; 90; 90; 124; 112; 153; 131; 95; 90; 98; 90; 90; 90; 127; 153; 161; 90; 115; 148; 90; 90; 90; 90
Ben Solo; ; ; ; 284; ; ; ; ; ; ; ; ; ; ; ; ; ; ; 206; ; ; ; ; ; ; 241; ; ; ; ; ; ; ; ; ; ; ; ; ; ; ; ; ; ; ; ; ; 110; 247; 
Biggs Darklighter; 243; 108; 166; 106; 187; 187; 176; 195; 129; 198; 199; 174; 186; 204; 182; 167; 164; 161; 213; 118; 210; 206; 189; 118; 119; 196; 137; 191; 165; 218; 208; 212; 164; 171; 197; 206; 191; 114; 189; 202; 198; 221; 189; 209; 177; 213; 149; 172; 240; 200
Bistan; 124; 145; 131; 100; 100; 100; 102; 177; ; 184; 212; 142; 264; 110; 186; 143; 177; 194; 219; 137; 100; 110; 216; 151; 114; 110; 231; 196; 100; 197; 121; 105; 146; 100; 100; 247; 189; 100; 129; 145; 201; 240; 188; 100; 100; 221; 168; 148; 129; 222
Bo-Katan Kryze; 239; 256; 208; 105; 105; 105; 219; 229; 201; 223; 217; 152; 222; 249; 145; 228; 229; 247; 218; 105; 240; 245; 221; 186; 214; 247; 120; 240; 227; 242; 105; 234; 209; 230; 105; 120; 105; 203; 217; 123; 210; 238; 105; 105; 105; 226; 205; 232; 236; 193
Boba Fett; 244; 199; 240; 249; 254; 254; 247; 251; 236; 221; 273; 246; 221; 250; 253; 256; 271; 249; 290; 245; 269; 257; 245; 262; 247; 271; 263; 293; 265; 271; 244; 258; 257; 259; 261; 256; 233; 237; 280; 231; 237; 252; 186; 214; 249; 251; 257; 287; 272; 231
Boba Fett, Scion of Jango; ; ; ; ; 259; 259; 109; 126; ; ; 230; ; ; ; ; ; ; ; 156; ; ; ; ; ; ; ; 124; 174; ; ; ; ; ; ; ; ; 109; ; ; ; ; 219; ; ; ; ; ; ; 261; 
Bodhi Rook; 136; 100; 137; 100; 100; 100; 108; 126; ; 166; 195; ; ; 202; 166; 163; 100; 158; ; 126; 201; 108; 186; 100; 108; 100; 108; 100; ; 156; 100; 114; 126; 100; 100; 100; 100; ; 100; 120; 151; 126; 100; 100; 100; 139; 100; 133; 130; 108
Bossk; 285; 308; 293; 279; 305; 305; 293; 278; 275; 280; 304; 232; 228; 290; 292; 291; 289; 286; 286; 252; 252; 267; 280; 242; 243; 308; 228; 294; 303; 270; 294; 272; 263; 267; 345; 273; 253; 278; 245; 258; 283; 275; 230; 253; 284; 255; 276; 265; 286; 281
Boushh (Leia Organa); ; 238; 122; 105; 105; 105; 302; ; ; 105; 230; 222; 256; 105; 185; 172; 105; 195; 199; 105; 105; ; ; 105; ; 328; 105; 105; 178; ; 105; ; ; 105; 105; 105; 105; 105; 105; ; 140; 144; ; 105; 105; ; 105; 325; 105; 138
C-3PO; 273; 304; 286; 245; 267; 267; 251; 254; 250; 264; 269; 259; 256; 280; 201; 268; 260; 249; 256; 261; 265; 242; 241; 235; 209; 242; 225; 249; 275; 253; 247; 244; 246; 263; 289; 292; 274; 257; 259; 271; 248; 247; 270; 250; 258; 272; 250; 258; 265; 246
CC-2224 "Cody"; 221; 232; 192; 100; 100; 100; 209; 135; 225; 201; 223; 224; 221; 217; 194; 210; 191; 237; 212; 115; 170; 202; 202; 226; 228; 226; 175; 216; 215; 224; 143; 218; 177; 210; 145; 115; 182; 177; 198; 115; 203; 231; 199; 109; 155; 162; 142; 174; 212; 115
CT-21-0408 "Echo"; 231; 240; 234; 248; 261; 261; 264; 231; 254; 233; 211; 186; 215; 239; 210; 251; 292; 222; 279; 209; 262; 222; 232; 222; 209; 252; 186; 232; 253; 277; 233; 227; 254; 267; 227; 278; 205; 237; 228; 254; 286; 239; 180; 143; 253; 266; 263; 245; 232; 256
CT-5555 "Fives"; 214; 218; 222; 206; 259; 259; 239; 167; 205; 270; 238; 219; 221; 234; 212; 243; 285; 224; 225; 224; 238; 229; 227; 215; 166; 263; 197; 254; 209; 267; 226; 213; 258; 243; 214; 253; 159; 228; 208; 219; 220; 209; 247; 181; 189; 251; 235; 239; 237; 218
CT-7567 "Rex"; 264; 303; 284; 303; 312; 312; 277; 280; 316; 303; 253; 286; 271; 288; 273; 294; 299; 264; 314; 253; 284; 264; 279; 274; 245; 306; 225; 290; 295; 304; 263; 295; 283; 262; 294; 277; 254; 291; 294; 301; 303; 287; 293; 217; 286; 317; 315; 267; 249; 310
Cad Bane; 214; 228; 228; 185; 236; 236; 220; 197; 222; 220; 188; 175; 202; 210; 144; 224; 215; 224; 213; 142; 226; 241; 188; 204; 172; 243; 218; 255; 249; 221; 197; 221; 201; 215; 270; 192; 118; 229; 209; 206; 194; 194; 213; 162; 196; 175; 234; 215; 214; 113
Canderous Ordo; 205; 142; 161; 207; ; ; 183; 219; ; 127; 187; 164; 194; 161; 162; 220; 186; 146; 183; 125; 196; 186; 187; 178; 198; 196; 119; 201; 181; 210; 188; 188; 141; 223; 163; 178; 162; 183; 119; 152; 173; 189; 181; 203; ; 179; 161; 173; 218; 222
Captain Han Solo; 237; 231; 147; 100; 196; 196; 230; 227; ; 206; 243; 192; 213; 225; 204; 183; 232; 211; 243; 253; 227; 241; 231; 243; 161; 250; 216; 249; 232; 213; 215; 227; 200; 206; 219; 233; 216; 123; 202; 227; 231; 216; 219; 237; 198; 236; 100; 209; 230; 205
Captain Phasma; 151; 115; 173; 126; 241; 241; 190; 115; 101; 155; 180; 132; ; 229; 152; 166; 233; 172; 207; 121; 185; 183; 166; 146; 164; 267; 250; 190; 161; 198; 150; 209; 186; 171; 229; 190; 210; 100; 121; 121; 227; 203; 125; 195; 235; 142; 240; 240; 257; 121
Cara Dune; 283; 133; 160; 237; 212; 212; 251; 130; 176; 187; 196; 140; 252; 225; 232; 162; 236; 216; 274; 220; 254; 130; 235; 191; 203; 253; 258; 133; 167; 199; 231; 148; 221; 193; 176; 256; 188; 133; 219; 232; 195; 191; 193; 176; 206; 230; 176; 205; 315; 229
Carth Onasi; 233; 263; 264; 221; 126; 126; 225; 162; ; 236; 252; 159; 246; 225; 223; 261; 234; 214; 233; 202; 223; 226; 165; 169; 228; 195; 210; 251; 229; 231; 228; 164; 176; 221; 229; 222; 234; 197; 221; 233; 215; 191; 216; 196; 110; 210; 181; 192; 236; 159
Cassian Andor; 202; 128; 153; 120; 100; 100; 167; 167; ; 199; 201; 158; 233; 174; 147; 152; 192; 185; 128; 128; 208; 100; 206; 158; 143; 188; 209; 128; 100; 156; 133; 117; 216; 176; 158; 100; 153; 100; 128; 128; 169; 249; 172; 100; 153; 202; 100; 141; 198; 128
Chewbacca; 262; 282; 285; 243; 289; 289; 241; 246; 240; 233; 242; 242; 236; 258; 240; 262; 251; 240; 253; 251; 259; 242; 236; 260; 260; 283; 217; 259; 251; 255; 269; 242; 229; 247; 256; 265; 262; 264; 264; 267; 241; 245; 239; 240; 243; 254; 270; 244; 273; 280
Chief Chirpa; 204; 215; 207; 197; 188; 188; 175; 190; 136; 162; 176; 122; 202; 170; 185; 216; 191; 170; 197; 144; 187; 163; 137; 116; 160; 189; 157; 182; 110; 182; 148; 143; 181; 182; 173; 187; 174; 192; 192; 110; 175; 187; 184; 158; 199; 201; 180; 146; 195; 178
Chief Nebit; 169; 109; 164; 100; 100; 100; 184; 191; ; 100; 123; ; 189; 102; 149; 143; 174; 187; 140; 100; 100; ; 138; 113; 125; 109; 109; 100; ; 100; 139; 109; 161; 169; 100; 109; 136; 100; 109; 109; 111; 152; 156; 100; 135; 202; 100; 182; 200; 100
Chirrut Îmwe; 107; 141; 160; 107; 107; 107; 210; 141; ; 168; 212; 196; 210; 211; 205; 165; 217; 198; 116; 160; 217; 121; 212; 159; 150; 215; 147; 141; 107; 107; 164; 158; 243; 211; 171; 107; 201; 163; 141; 135; 153; 245; 219; 107; 173; 173; 107; 171; 236; 141
Chopper; 205; 249; 203; 152; 217; 217; 206; 158; 210; 188; 182; 213; 225; 213; 180; 187; 193; 242; 213; 152; 164; 152; 181; 157; 155; 156; 178; 216; 225; 231; 173; 227; 231; 205; 195; 202; 167; 218; 152; 152; 216; 213; 222; 180; 197; 229; 197; 192; 203; 152
Clone Sergeant - Phase I; 230; 208; 199; 88; 146; 146; 206; 222; 191; 143; 178; 188; 216; 196; 136; 198; 138; 188; 200; 101; 242; 195; 187; 194; 196; 142; 118; 204; 192; 197; 117; 201; 163; 167; 143; 154; 98; 187; 171; 218; 138; 228; 154; 98; 115; 166; 150; 201; 200; 107
Clone Wars Chewbacca; 136; 98; 143; 100; 153; 153; 119; 98; 91; 162; 117; 104; 113; 100; 143; 150; 130; 178; 91; 100; 127; 106; 158; 103; 119; 95; 100; 98; 170; 100; 100; 100; 150; 158; 130; 100; 173; 98; 100; 93; 104; 100; 93; 93; 161; 162; 104; 100; 175; 93
Colonel Starck; 254; 298; 270; 210; 220; 220; 215; 219; 239; 166; 261; 183; ; 128; 231; 184; 240; 247; 310; 269; 206; 311; 255; 249; 232; 251; 161; 273; 285; 270; 263; 121; 194; 318; 213; 302; 180; 264; 251; 149; 203; 266; ; 137; 274; 169; 274; 294; 258; 287
Commander Ahsoka Tano; 363; 341; 356; ; 332; 332; 347; 313; 355; 347; 307; 314; 319; ; ; ; 339; 195; 351; ; 337; 340; 319; 328; 335; 352; ; 344; 358; 337; 253; 327; 323; 329; ; 297; 257; 346; ; 170; 316; 326; ; 234; ; 328; 352; 350; 360; 
Commander Luke Skywalker; 305; 297; 304; 281; 300; 300; 284; 284; 304; 294; 276; 291; 256; 299; 282; 298; 252; 259; 287; 253; 287; 271; 237; 219; 230; 292; 295; 313; 310; 260; 306; 294; 280; 283; 283; 317; 244; 268; 294; 284; 257; 283; 254; 272; 303; 296; 302; 300; 254; 261
Coruscant Underworld Police; 109; 100; 142; 100; 177; 177; 104; 106; ; 100; 152; ; 100; 104; 133; 142; 104; 158; 100; 100; 100; 100; 160; 120; 100; 100; 104; ; ; 100; 100; 115; 106; 100; 100; 106; 100; 100; 100; 104; 100; 106; 100; 100; 100; 197; 100; 115; 106; 104
Count Dooku; 262; 315; 333; 229; 100; 100; 245; 265; 263; 246; 291; 270; 278; 289; 271; 271; 282; 291; 285; 278; 172; 290; 290; 241; 250; 291; 269; 275; 277; 291; 287; 286; 265; 281; 251; 294; 289; 264; 235; 161; 222; 271; 239; 235; 291; 278; 192; 235; 263; 248
Dark Trooper; 245; 256; 154; 195; 136; 136; 240; 245; 230; 144; 196; 147; 147; 130; 185; 157; 181; 203; 300; 130; 130; 225; 130; 147; 217; 269; 265; 220; 229; 279; 261; 159; 235; 303; 130; 130; 130; 231; 221; 130; 179; 245; 210; 247; 270; 173; 236; 182; 278; 172
Darth Malak; 295; 291; 273; 280; ; ; 284; 290; ; 257; 316; 196; 307; 264; 264; 187; 247; 260; 287; 214; 273; 301; 264; 272; ; 271; 291; 312; 295; 305; 265; 291; 277; 306; 285; 245; 257; 286; 235; 294; 288; 280; 299; 194; ; 293; ; 287; 238; 278
Darth Malgus; ; 267; ; ; 105; 105; 280; ; ; ; ; ; ; ; ; ; ; ; 284; ; 254; ; ; 244; ; 275; 277; ; ; ; 274; ; ; 274; ; 227; 255; 264; 266; ; 265; 278; ; ; ; ; ; 225; 266; 
Darth Maul; 217; 225; 244; 80; 127; 127; 173; 189; 213; 165; 192; 120; 174; 126; 195; 132; 147; 164; 195; 151; 161; 202; 131; 174; 169; 94; 169; 183; 203; 209; 196; 102; 129; 182; 133; 176; 102; 169; 156; 94; 115; 222; 94; 80; 185; 170; 127; 149; 180; 137
Darth Nihilus; 212; 209; 183; 193; 102; 102; 201; 168; 231; 165; 221; 169; 179; 216; 205; 171; 226; 237; 222; 229; 141; 223; 210; 140; 215; 243; 253; 241; 237; 235; 170; 229; 238; 238; 220; 189; 184; 232; 243; 120; 160; 232; 112; 108; 178; 223; 194; 172; 211; 232
Darth Revan; 335; 335; 300; 318; ; ; 314; 340; ; 316; 286; 282; 319; 343; 293; 288; 306; 317; 346; 300; 285; 314; 275; 310; 254; 347; 304; 304; 334; 323; 319; 324; 324; 313; 317; 347; 287; 333; 327; 327; 322; 316; 324; 250; ; 290; ; 266; 280; 327
Darth Sidious; 261; 264; 309; 134; 80; 80; 161; 246; 294; 240; 269; 181; 155; 199; 251; 197; 135; 256; 279; 264; 225; 265; 247; 270; 255; 142; 222; 263; 255; 278; 278; 141; 239; 259; 196; 262; 239; 276; 153; 126; 123; 251; 142; 80; 285; 164; 80; 172; 187; 251
Darth Sion; 235; 245; 187; 220; 192; 192; 230; 225; 262; 208; 255; 198; 182; 241; 192; 188; 229; 234; 244; 204; 108; 259; 239; 146; 200; 272; 268; 270; 247; 259; 201; 231; 268; 196; 242; 108; 203; 232; 234; 131; 197; 250; 108; 137; 108; 236; 229; 213; 217; 252
Darth Talon; 105; 105; 215; 107; 105; 105; 232; 105; ; 241; 218; 219; 105; 244; 179; 190; 249; 212; 306; 134; 105; 258; 230; 142; 199; 262; 263; 268; ; 255; 201; 222; 221; 239; 105; 105; 105; 105; 248; 134; 161; 245; ; 105; 105; 275; 226; 170; 223; 134
Darth Traya; 236; 240; 195; 216; 122; 122; 227; 247; 252; 176; 246; 245; 226; 223; 230; 165; 248; 244; 245; 267; 120; 245; 201; 170; 191; 279; 259; 259; 263; 282; 199; 271; 249; 210; 270; 213; 159; 230; 234; 132; 179; 236; 204; 130; 120; 242; 218; 216; 234; 263
Darth Vader; 250; 277; 244; 264; 275; 275; 265; 244; 218; 231; 259; 231; 262; 282; 195; 237; 242; 248; 254; 214; 234; 250; 287; 225; 222; 270; 262; 288; 287; 277; 274; 262; 253; 289; 262; 262; 268; 272; 257; 253; 252; 281; 232; 262; 289; 272; 279; 246; 258; 255
Dash Rendar; 112; 112; 191; 134; 185; 185; 292; 112; ; 274; 279; 223; 273; 264; 173; 151; 224; 226; 315; 158; 193; 302; 245; 174; 140; 289; 305; 314; 195; 251; 208; 191; 235; 279; 112; 137; 219; 134; 286; 167; 174; 279; 112; 134; 225; 281; 228; 192; 210; 164
Dathcha; 138; 80; 158; 80; 80; 80; 190; 189; ; 130; 192; ; 211; 91; 149; 151; 195; 166; 182; 80; 80; 107; 140; 170; 155; 119; 113; 80; 80; 80; 130; 82; 188; 169; 149; 125; 139; 80; 125; 131; 125; 197; 147; 80; 153; 138; 80; 178; 206; 80
Death Trooper; 221; 152; 211; 97; 97; 97; 112; 97; ; 143; 189; 135; 97; 97; 156; 139; 176; 179; 175; 97; 189; 179; 156; 97; 128; 210; 201; 190; 194; 97; 193; 198; 169; 138; 142; 192; 115; 97; 198; 101; 152; 206; 176; 112; 175; 178; 97; 206; 208; 166
Dengar; 224; 219; 232; 217; 209; 209; 191; 210; 214; 181; 214; 194; ; 202; 234; 226; 218; 201; 229; 129; 212; 196; 193; 204; 175; 225; 200; 227; 202; 220; 168; 177; 178; 196; 211; 215; 171; 217; 201; 181; 199; 188; 176; 185; 210; 216; 203; 182; 209; 143
Director Krennic; 206; 230; 190; 100; 100; 100; 158; 190; 227; 100; 222; 149; 100; 100; 193; 148; 186; 205; 222; 195; 100; 219; 158; 190; 187; 129; 129; 219; 232; 242; 231; 118; 129; 229; 100; 235; 100; 221; 100; 113; 161; 228; 178; 100; 229; 160; 100; 129; 217; 235
Doctor Aphra; ; ; ; ; ; ; ; ; ; ; ; ; ; ; ; ; ; ; ; ; ; ; ; ; ; ; ; ; ; ; ; ; ; ; ; ; ; ; ; ; ; ; ; ; ; ; ; ; ; 
Droideka; 133; 131; 128; 168; 175; 175; 155; 181; 122; 124; 138; 106; 161; 141; 108; 116; 184; 162; 91; 156; 203; 103; 112; 166; 142; 112; 150; 224; 134; 150; 103; 128; 152; 178; 136; 128; 118; 131; 187; 133; 138; 157; 106; 115; 180; 161; 125; 174; 161; 100
Echo; 120; 163; 268; 120; 120; 120; 134; 120; ; 120; 251; 303; 277; 120; 191; 174; 305; 236; 353; 120; 257; 294; 299; 241; ; ; 311; 315; 120; 346; 120; 299; 214; 120; 120; 309; 314; 202; 120; 157; 260; 307; ; 120; 120; 331; 265; 226; 268; 247
Eeth Koth; 100; 100; 174; 100; 100; 100; 106; 111; ; 147; 162; 100; 100; 102; 120; 158; 124; 191; 100; 100; 102; 105; 166; 213; 202; 100; 116; ; ; 128; 134; 108; 155; 164; 100; 132; 190; 100; 100; 124; 100; 213; 128; 100; ; 183; 100; 127; 132; 128
Eighth Brother; 105; 222; 141; 260; 105; 105; 212; 105; 166; 193; 218; 205; 105; 139; 202; 224; 210; 234; 203; 105; 105; ; 214; 105; 226; ; 300; 142; 181; 139; 225; 212; 210; 170; 105; 190; 186; 118; 105; 136; 197; 260; ; 179; 221; 105; 187; 296; 125; 166
Embo; 277; 110; 210; 110; 205; 205; 123; 128; ; 205; 211; 165; 226; 110; 166; 196; 247; 161; 140; 160; 110; 233; 242; 220; 186; 275; 198; 239; 159; 261; 110; 250; 186; 110; 110; 243; 163; 110; 214; 134; 219; 253; ; 110; 110; 242; 110; 234; 110; 167
Emperor Palpatine; 236; 275; 245; 218; 276; 276; 251; 237; 233; 252; 256; 228; 211; 246; 187; 210; 237; 240; 278; 269; 218; 223; 233; 226; 213; 242; 251; 257; 247; 243; 261; 257; 222; 246; 255; 236; 237; 257; 221; 215; 204; 221; 185; 218; 263; 254; 250; 251; 221; 225
Enfys Nest; 236; 241; 171; 110; 126; 126; 139; 240; 220; 212; 260; 153; 235; 231; 225; 172; 242; 237; 159; 110; 110; 247; 170; 170; ; 243; 256; 248; 269; 110; 159; 241; 266; 110; 110; 206; 219; 179; 242; 141; 208; 216; 195; 238; 110; 225; 164; 233; 222; 182
Ewok Elder; 204; 224; 194; 201; 198; 198; 175; 197; 160; 168; 191; 190; 199; 198; 195; 188; 204; 200; 200; 166; 138; 193; 160; 136; 173; 200; 166; 185; 152; 188; 159; 156; 182; 175; 171; 186; 196; 193; 199; 122; 202; 183; 190; 147; 186; 200; 202; 199; 203; 167
Ewok Scout; 170; 217; 176; 140; 115; 115; 191; 178; 119; 158; 199; 140; 191; 122; 186; 204; 195; 193; 205; 149; 215; 140; 171; 161; 176; 128; 140; 128; 194; 134; 192; 157; 128; 188; 175; 198; 196; 119; 134; 140; 159; 150; 122; 140; 119; 157; 126; 156; 213; 140
Ezra Bridger; 204; 224; 254; 131; 170; 170; 202; 212; 187; 174; 209; 188; 183; 222; 188; 174; 183; 251; 191; 153; 153; 220; 196; 174; 193; 227; 202; 210; 217; 202; 183; 214; 208; 171; 217; 215; 153; 161; 200; 125; 206; 234; 192; 141; 195; 238; 197; 175; 206; 125
Fennec Shand; 100; 100; 116; 100; 292; 292; 259; 100; ; 100; 209; 100; 194; 100; 165; 136; 181; 142; 290; 100; 100; ; 100; 123; ; 243; 114; 217; ; ; 121; 164; 114; 100; 100; 100; 100; 100; 100; 100; 160; 190; ; 104; 100; 200; 156; 257; 100; 265
Fifth Brother; 105; 279; 135; 278; 105; 105; 229; 105; 166; 213; 246; 262; 105; 128; 240; 213; 226; 225; 237; 105; 105; ; 249; 105; 206; ; 305; 133; 182; 133; 262; 241; 226; 221; 105; 218; 221; 105; 105; 145; 212; 314; ; 182; 234; 105; 214; 297; 151; 289
Finn; 139; 168; 154; 220; 188; 188; 232; 184; ; 139; 194; 119; ; 165; 162; 161; 192; 163; 176; 201; 173; 172; 187; 128; 107; 203; 127; 107; 100; 194; 116; 174; 199; 205; 191; 107; 177; ; 154; 122; 179; 149; 125; 126; 171; 234; 155; 223; 180; 107
First Order Executioner; 189; 99; 151; 99; 215; 215; 149; 92; ; 158; 188; 119; ; 187; 153; 127; 191; 165; 80; 111; 155; 171; 173; 141; 115; 217; 204; 99; ; 168; 99; 123; 179; 182; 193; 87; 80; ; 99; 87; 206; 191; 99; 180; 250; 173; 212; 219; 220; 99
First Order Officer; 227; 169; 151; 100; 261; 261; 152; 161; ; 201; 192; 137; 100; 228; 177; 164; 261; 175; 227; 145; 210; 135; 205; 153; 145; 286; 275; 227; 155; 211; 164; 115; 169; 202; 270; 100; 159; 100; 137; 137; 285; 229; 203; 222; 246; 245; 277; 288; 281; 137
First Order SF TIE Pilot; 127; 112; 158; 100; 231; 231; 100; 112; ; 156; 189; 118; 112; 118; 157; 144; 212; 196; 100; 118; 103; 108; 131; 103; 130; 217; 251; 184; 100; 100; 112; 209; 112; 108; 229; 100; 169; 100; 100; 112; 233; 212; 104; 195; 241; 181; 222; 222; 257; 118
First Order Stormtrooper; 141; 111; 149; 100; 251; 251; 109; 100; ; 143; 126; 104; 100; 109; 140; 184; 253; 188; 100; 111; 167; 104; 148; 111; 168; 205; 202; 181; 100; 100; 111; 188; 137; 169; 244; 104; 178; 100; 111; 109; 232; 216; 111; 152; 203; 174; 227; 195; 246; 111
First Order TIE Pilot; 212; 117; 156; 123; 232; 232; 188; 107; 104; 143; 193; 191; 117; 169; 172; 162; 216; 185; 204; 128; 177; 195; 161; 132; 137; 235; 180; 194; 152; 198; 123; 220; 184; 176; 225; 180; 204; 100; 183; 117; 223; 235; 117; 203; 261; 206; 248; 227; 244; 117
Gamorrean Guard; 100; 100; 155; 100; 135; 135; 138; 100; ; 220; 167; 100; 209; 100; 139; 146; 100; 172; 106; 100; 100; ; 100; 100; ; 178; 100; 104; ; 100; 100; 113; 100; 100; 100; ; 100; 100; 100; 100; 145; 106; 102; 100; 208; 194; 100; 185; 136; 106
Gar Saxon; 100; 100; 169; 100; 169; 169; 100; 102; ; 100; 181; 100; 180; 111; 167; 150; 192; 180; 107; 100; 170; 100; 120; 136; 119; 113; 115; 100; 177; 100; 100; 137; 164; 100; 100; 191; 120; 100; 100; 115; 169; 226; 100; 113; 100; 140; 162; 153; 113; 115
Garazeb "Zeb" Orrelios; 145; 196; 166; 115; 183; 183; 178; 115; 156; 154; 167; 150; 175; 151; 180; 194; 169; 182; 186; 115; 156; 115; 166; 137; 171; 173; 131; 176; 185; 159; 124; 183; 184; 181; 149; 174; 131; 152; 115; 115; 129; 201; 181; 156; 170; 147; 153; 127; 186; 115
General Grievous; 206; 176; 209; 205; 228; 228; 229; 193; 234; 187; 228; 164; 190; 223; 237; 231; 233; 235; 224; 196; 204; 223; 180; 222; 185; 162; 149; 223; 175; 194; 201; 223; 224; 228; 212; 202; 194; 203; 190; 167; 204; 211; 207; 231; 149; 230; 196; 163; 234; 182
General Hux; 120; 151; 141; 120; 303; 303; 194; 124; ; 215; 228; 120; 135; 125; 174; 159; 294; 214; 237; 120; 184; 120; 219; 120; 135; 277; 287; 229; ; 120; 135; 231; 227; 120; 286; 120; 209; 120; 135; 120; 283; 250; ; 276; 271; 171; 281; 302; 272; 182
General Kenobi; 263; 236; 232; 241; 244; 244; 284; 200; 215; 207; 249; 241; 264; 245; 231; 259; 256; 242; 237; 232; 265; 265; 245; 254; 219; 244; 233; 257; 204; 297; 200; 241; 241; 269; 275; 233; 234; 197; 230; 249; 225; 241; 242; 250; 226; 235; 264; 227; 265; 218
General Skywalker; 281; 311; 291; 254; 278; 278; 286; 204; 298; 298; 284; 273; 273; 296; 269; 206; 280; 245; 296; 256; 286; 273; 296; 259; 232; 271; 268; 292; 267; 309; 183; 285; 272; 286; 290; 301; 296; 280; 299; 244; 212; 266; 263; 215; 262; 289; ; 286; 305; 259
General Veers; 242; 271; 250; 173; 85; 85; 230; 244; 230; 101; 235; 223; 101; 93; 203; 125; 224; 225; 278; 205; 189; 257; 168; 175; 227; 223; 183; 268; 253; 267; 280; 144; 206; 247; 153; 251; 173; 215; 263; 91; 189; 266; 178; 234; 258; 147; 269; 283; 232; 266
Geonosian Brood Alpha; 279; 283; 231; 241; 229; 229; 231; 240; 271; 268; 261; 269; 258; 274; 278; 264; 257; 269; 256; 243; 301; 255; 268; 254; 250; 220; 261; 275; 257; 263; 285; 270; 245; 259; 259; 259; 217; 241; 208; 248; 253; 229; 231; 189; 250; 239; 253; 267; 264; 186
Geonosian Soldier; 240; 246; 265; 218; 232; 232; 196; 225; 277; 251; 243; 235; 223; 249; 254; 250; 291; 257; 238; 252; 266; 233; 235; 249; 247; 174; 218; 267; 230; 245; 220; 228; 232; 215; 251; 239; 221; 229; 200; 230; 240; 234; 206; 174; 226; 231; 234; 243; 262; 214
Geonosian Spy; 235; 238; 243; 194; 200; 200; 201; 208; 216; 249; 247; 235; 205; 225; 209; 233; 235; 246; 207; 222; 245; 212; 249; 170; 231; 248; 247; 255; 224; 255; 212; 247; 207; 223; 227; 224; 191; 191; 193; 197; 233; 206; 191; 160; 238; 220; 247; 218; 240; 166
Grand Admiral Thrawn; 246; 306; 288; 242; 292; 292; 304; 287; 266; 206; 290; 235; 228; 243; 244; 216; 245; 274; 310; 283; 234; 280; 283; 281; 236; 270; 275; 295; 287; 306; 262; 268; 269; 294; 275; 256; 316; 278; 269; 251; 281; 271; 226; 212; 305; 295; 290; 188; 228; 271
Grand Inquisitor; ; ; ; ; ; ; ; ; ; ; ; ; ; ; ; ; ; ; ; ; ; ; ; ; ; ; 315; ; ; ; ; ; ; ; ; ; ; ; ; ; ; 323; ; ; ; ; ; 296; ; 
Grand Master Yoda; 280; 292; 303; 278; 293; 293; 177; 246; 297; 287; 278; 246; 275; 271; 275; 289; 278; 315; 299; 274; 310; 317; 250; 277; 234; 255; 241; 272; 269; 300; 263; 276; 293; 291; 271; 263; 266; 295; 310; 271; 297; 288; 276; 234; 293; 278; 286; 273; 295; 254
Grand Moff Tarkin; 205; 244; 210; 195; 213; 213; 182; 256; 223; 205; 245; 199; 244; 200; 242; 209; 205; 214; 216; 226; 211; 280; 253; 220; 211; 149; 204; 259; 238; 261; 248; 255; 176; 239; 191; 239; 245; 240; 122; 122; 198; 231; 124; 132; 276; 228; 173; 199; 178; 246
Greedo; 185; 131; 183; 100; 211; 211; 222; 122; ; 162; 175; 211; 195; 157; 169; 162; 174; 159; 219; 122; 211; 221; 211; 142; 184; 237; 230; 198; 162; 217; 176; 135; 174; 163; 152; 182; 195; 143; 156; 122; 188; 202; 148; 174; 145; 165; 100; 213; 192; 122
Greef Karga; 274; 266; 179; 238; 315; 315; 280; 189; 226; 167; 271; 257; 274; 244; 200; 161; 251; 202; 128; 146; 195; 128; 221; 168; 217; 248; 211; 128; 128; 238; 174; 158; 271; 197; 250; 203; 234; 185; 128; 134; 224; 194; 203; 162; 201; 217; 210; 236; 240; 224
HK-47; 215; 103; 244; 182; 80; 80; 207; 234; ; 214; 205; 133; 244; 223; 197; 207; 209; 208; 206; 180; 193; 211; 169; 191; 207; 210; 150; 213; 254; 236; 185; 210; 194; 214; 198; 207; 144; 175; 171; 180; 218; 221; 166; 177; 80; 193; 128; 158; 219; 137
Han Solo; 286; 267; 278; 264; 306; 306; 271; 279; 259; 255; 222; 245; 247; 265; 262; 265; 231; 251; 257; 262; 267; 229; 221; 160; 221; 240; 281; 271; 263; 275; 243; 272; 243; 275; 288; 281; 286; 230; 240; 275; 247; 291; 226; 274; 249; 245; 285; 267; 278; 264
Hera Syndulla; 182; 228; 157; 132; 190; 190; 180; 123; 186; 174; 203; 218; 226; 214; 166; 166; 178; 236; 140; 132; 144; 132; 212; 137; 189; 205; 209; 205; 206; 154; 204; 212; 192; 185; 167; 205; 145; 177; 114; 120; 162; 233; 170; 184; 214; 151; 160; 135; 211; 114
Hermit Yoda; 310; 303; 163; 288; 267; 267; 295; 265; 220; 301; 262; 272; 289; 287; 238; 200; 266; 275; 310; 292; 336; 284; 291; 272; 258; 302; 273; 276; 296; 304; 279; 251; 277; 292; 304; 281; 337; 224; 257; 323; 298; 290; 289; 308; 292; 327; 230; 281; 306; 287
Hondo Ohnaka; ; 100; 124; 100; 100; 100; 189; ; ; 100; 192; 108; 100; 100; 170; 204; 100; 189; 100; 100; 100; ; ; 100; ; ; 100; 100; ; ; 100; ; 178; 100; 100; ; 100; 100; 100; ; 171; 119; ; 192; ; ; 225; 173; 200; 119
Hoth Rebel Scout; 150; 137; 179; 100; 100; 100; 230; 128; 100; 150; 217; 183; 202; 122; 154; 155; 185; 195; 243; 100; 219; 137; 157; 156; 155; 244; 137; 137; 187; 100; 172; 128; 204; 166; 167; 143; 216; 100; 137; 155; 217; 193; 137; 122; 161; 147; 100; 175; 215; 137
Hoth Rebel Soldier; 128; 98; 121; 85; 88; 88; 85; 88; 85; 157; 101; 124; 180; 92; 145; 123; 168; 130; 85; 98; 151; 92; 155; 92; 110; 98; 98; 98; 163; 85; 87; 110; 148; 166; 128; 92; 157; 85; 98; 92; 153; 113; 98; 85; 123; 156; 85; 137; 171; 85
Hunter; 100; 118; 209; 100; 100; 100; 100; 100; 100; 100; 173; 213; 201; 100; 159; 180; 236; 169; 246; 100; 207; 168; 219; 210; ; ; 267; 220; 100; 237; 100; 237; 161; 100; 100; 241; 242; 169; 100; 118; 201; 239; 100; 100; 100; 221; 189; 188; 234; 187
IG-100 MagnaGuard; 222; 184; 195; 201; 208; 208; 215; 150; 240; 181; 216; 137; 188; 179; 178; 218; 216; 222; 150; 199; 218; 206; 161; 216; 161; 128; 152; 169; 177; 217; 166; 209; 201; 196; 159; 186; 147; 205; 132; 195; 206; 155; 148; 204; 112; 197; 131; 196; 228; 150
IG-11; 140; 133; 172; 227; 213; 213; 195; 133; 175; 152; 255; 156; 236; 177; 217; 180; 248; 205; 239; 157; 218; 151; 211; 198; 228; 236; 251; 133; 174; 168; 197; 190; 234; 214; 173; 133; 219; 133; 133; 133; 227; 202; 191; 169; 186; 183; 180; 224; 218; 213
IG-86 Sentinel Droid; 146; 100; 153; 105; 103; 103; 114; 114; 103; 158; 167; 100; 161; 114; 131; 146; 136; 185; 116; 116; 184; 116; 159; 116; 105; 114; 114; 103; 171; 168; 101; 114; 114; 172; 103; 116; 135; 100; 114; 112; 139; 208; 112; 103; 131; 190; 100; 137; 158; 112
IG-88; 232; 227; 233; 238; 221; 221; 223; 233; 258; 199; 233; 187; 121; 256; 220; 211; 213; 225; 241; 164; 228; 219; 218; 223; 212; 232; 175; 232; 233; 223; 204; 250; 202; 178; 303; 211; 215; 204; 233; 121; 228; 216; 168; 181; 216; 231; 220; 188; 236; 199
Iden Versio; ; 105; 132; 105; 105; 105; 120; 105; ; 105; 176; ; 105; 105; 175; 142; 192; 198; 208; 105; 105; 222; 105; 124; 210; 209; 232; 228; 197; ; 219; 237; 207; 105; 105; 105; 105; 193; 199; 105; 173; 238; ; 120; 174; 105; 231; 124; 241; 212
Ima-Gun Di; 140; 100; 133; 100; 100; 100; 100; 114; 106; 100; 124; ; 100; 100; 132; 167; 100; 165; 100; 145; 100; 119; 167; 122; ; 100; 116; 100; 119; 100; 100; 113; 149; 100; 100; 119; 100; 100; 100; 108; 100; 205; 100; 100; 100; 189; 100; 109; 195; 119
Imperial Probe Droid; 109; 100; 160; ; 100; 100; 100; 112; ; 100; 188; 110; 100; 100; 150; 143; 180; 173; 100; 100; 100; 100; 188; 133; 177; 194; 194; 100; ; 100; 100; 100; 120; 100; 100; ; 100; ; 126; 100; 148; 126; ; 100; ; 207; ; 157; 149; 100
Imperial Super Commando; 100; 100; 141; 100; 100; 100; 103; 100; ; 100; 180; 100; 177; 104; 189; 138; 182; 162; 100; 100; 100; 103; 193; 164; 126; 100; 109; 100; 100; 100; 100; 111; 144; 100; 207; 181; 120; 100; 100; 106; 161; 202; 103; 100; 100; 145; 155; 106; 109; 109
Jabba the Hutt; ; ; ; ; ; ; 458; ; ; ; ; ; ; ; ; ; ; ; ; ; ; ; ; ; ; 545; ; ; ; ; ; ; ; ; ; ; ; ; ; ; ; ; ; ; ; ; ; 532; ; 
Jango Fett; 266; 266; 255; 237; 223; 223; 255; 241; 193; 244; 246; 277; 258; 297; 263; 293; 280; 280; 303; 279; 251; 257; 288; 262; 262; 282; 243; 281; 280; 298; 240; 269; 256; 246; 224; 228; 225; 263; 272; 251; 276; 271; 254; 218; 211; 286; 229; 277; 258; 232
Jawa; 134; 80; 155; 80; 80; 80; 228; 193; 80; 80; 192; 80; 229; 104; 181; 142; 168; 177; 176; 80; 104; 104; 159; 133; 187; 153; 115; 104; 80; 121; 125; 130; 181; 169; 80; 121; 181; 80; 121; 121; 109; 197; 142; 80; 176; 205; 80; 208; 151; 121
Jawa Engineer; 155; 100; 180; 100; 100; 100; 121; 243; ; 100; 202; ; 241; 100; 193; 138; 208; 181; 212; 100; 100; ; 125; 149; 158; 141; 135; 100; ; ; 124; 115; 241; 207; 100; 100; 216; 100; 141; 141; 150; 224; ; 100; ; 156; ; 194; 234; 100
Jawa Scavenger; 122; 100; 147; 100; 100; 100; 194; 188; ; 100; 177; ; 194; 100; 151; 152; 197; 143; 143; 119; 100; 100; 154; 129; 132; 124; 119; 113; ; 100; 134; 125; 152; 188; 100; 100; 187; 100; 119; 119; 134; 172; 164; 100; 170; 203; 100; 159; 149; 100
Jedi Consular; 143; 110; 155; 110; 178; 178; 157; 113; 98; 155; 183; 122; 171; 188; 170; 156; 179; 198; 113; 119; 182; 119; 181; 149; 113; 149; 157; 178; 140; 193; 140; 127; 166; 142; 147; 158; 176; 101; 113; 113; 171; 175; 132; 101; 130; 180; 99; 117; 143; 119
Jedi Knight Anakin; 284; 313; 285; 289; 293; 293; 241; 269; 282; 245; 272; 243; 221; 265; 236; 256; 275; 251; 288; 249; 258; 232; 181; 243; 240; 288; 250; 283; 264; 287; 246; 256; 268; 277; 303; 273; 258; 254; 216; 249; 282; 287; 256; 249; 270; 230; 281; 266; 271; 175
Jedi Knight Guardian; 96; 83; 148; 83; 83; 83; 83; 83; 80; 126; 153; 80; 83; 83; 138; 109; 145; 114; 80; 83; 80; 83; 151; 86; 83; 80; 83; 80; 126; 83; 80; 128; 146; 80; 83; 83; 80; 80; 80; 83; 125; 116; 83; 83; 80; 162; 80; 132; 83; 83
Jedi Knight Luke Skywalker; 205; 100; ; ; 203; 203; 174; 190; ; 141; 158; 199; 213; 149; 221; ; 214; 199; 227; 199; 253; 218; 185; ; ; 124; 214; 229; 193; 240; 239; 213; 193; ; 191; 218; 231; ; 220; 223; 187; 202; 235; 181; 208; 208; ; 245; 208; 164
Jedi Knight Revan; 323; 324; 253; 297; 284; 284; 313; 291; 243; 277; 258; 246; 305; 323; 280; 291; 260; 307; 284; 286; 315; 285; 241; 249; 243; 320; 264; 293; 315; 308; 288; 284; 270; 285; 321; 322; 328; 267; 310; 321; 288; 276; 306; 312; ; 301; 316; 283; 302; 282
Jedi Master Kenobi; 543; 574; 545; ; ; ; 557; 547; 562; 561; 551; 543; 533; 542; ; 569; 563; 507; 574; ; 561; 545; 565; 517; 546; 572; ; 558; 558; 571; ; 532; 558; 544; ; ; ; 556; 562; ; ; 534; ; ; ; 572; ; 562; 570; 
Jedi Master Luke Skywalker; 543; ; ; ; ; ; 541; ; ; 534; 549; 535; ; 572; 530; ; ; ; 544; ; 542; 543; 541; ; ; 556; 531; 552; ; 529; 544; 554; ; ; 552; 556; 557; ; 550; 528; 554; 539; 544; 547; 539; 533; ; 544; 480; 534
Jolee Bindo; 220; 205; 218; 215; 213; 213; 241; 198; 174; 209; 233; 151; 233; 188; 220; 223; 184; 243; 189; 170; 260; 230; 189; 215; 172; 207; 168; 226; 187; 233; 217; 212; 231; 207; 216; 215; 213; 209; 132; 242; 157; 199; 156; 168; 95; 226; 188; 178; 189; 227
Juhani; 154; 149; 180; 180; 100; 100; 193; 192; ; 202; 197; 122; 233; 172; 165; 186; 194; 173; 214; 112; 124; 224; 160; 146; 185; 199; 235; 206; 151; 191; 149; 211; 165; 201; 160; 106; 165; 156; 157; 182; 155; 154; 131; 184; 130; 154; 137; 168; 193; 100
Jyn Erso; 210; 151; 134; 145; 100; 100; 157; 145; ; 193; 232; 212; 266; 223; 214; 191; 235; 209; 151; 145; 228; 104; 224; 178; 166; 179; 289; 151; 100; 183; 204; 144; 226; 203; 181; 100; 208; 100; 203; 151; 201; 273; 198; 100; 179; 235; 100; 172; 228; 163
K-2SO; 153; 123; 148; 115; 100; 100; 150; 127; ; 155; 140; 131; 251; 194; 157; 169; 195; 187; 123; 123; 192; 112; 171; 121; 130; 191; 123; 123; 100; 153; 127; 123; 180; 199; 153; 123; 169; 100; 123; 123; 127; 173; 133; 100; 155; 193; 100; 115; 204; 115
Kanan Jarrus; 125; 177; 148; 100; 165; 165; 161; 116; 118; 125; 101; 120; 188; 162; 126; 156; 139; 179; 160; 114; 120; 95; 148; 99; 138; 132; 131; 169; 172; 145; 159; 163; 171; 164; 157; 133; 107; 144; 95; 95; 102; 170; 144; 95; 140; 123; 143; 138; 169; 95
Ki-Adi-Mundi; ; 110; 169; ; 110; 110; 262; 110; ; 166; 184; ; 110; 110; 198; 174; 227; 186; 218; 110; 110; 110; ; 125; ; 220; 110; ; ; ; 110; 216; 193; 110; 110; 110; 178; 243; 110; 210; 188; 228; ; ; ; 228; ; 158; 110; 
Kit Fisto; 80; 80; 173; 80; 80; 80; 86; 90; ; 80; 165; ; 80; 80; 166; 148; 80; 170; 80; 80; 80; ; 148; 142; 80; 152; 80; 80; ; ; 80; 94; 157; 80; 80; 107; 80; ; 107; 80; 121; 212; 95; 80; 80; 170; 80; 99; 230; 86
Krrsantan; ; 229; 128; 105; 105; 105; 260; ; ; 105; 209; 105; 227; 105; 177; 146; 105; 179; 130; 105; 105; ; ; 105; ; 281; 275; 105; ; ; 105; 129; 206; 105; 105; 105; 198; 105; 105; ; 174; 130; ; 105; 179; ; 105; 255; 105; 130
Kuiil; 213; 144; 194; 252; 231; 231; 160; 179; 211; 150; 220; 185; 250; 199; 205; 136; 247; 177; 257; 255; 236; 144; 210; 154; 185; 260; 292; 144; 183; 214; 144; 194; 249; 200; 179; 144; 217; 144; 144; 144; 218; 227; 203; 163; 193; 194; 205; 192; 241; 256
Kyle Katarn; 194; 105; 136; 105; 105; 105; 260; 105; ; 244; 240; 257; 229; 249; 153; 140; 216; 204; 255; 105; 105; 257; 180; 124; ; 270; 263; 272; 129; 270; 297; 162; 235; 231; 105; 126; 105; 105; 266; 256; 165; 270; 206; 105; 152; 269; 177; 163; 280; 225
Kylo Ren; 214; 116; 166; 157; 224; 224; 193; 116; ; 163; 220; 128; 100; 217; 182; 176; 241; 177; 208; 128; 187; 204; 196; 119; 163; 251; 244; 179; 155; 196; 166; 201; 175; 229; 254; 212; 198; 100; 116; 116; 252; 234; 119; 266; 230; 203; 244; 210; 241; 199
Kylo Ren (Unmasked; ; ; ; ; ; ; ; ; ; ; ; ; ; ; ; ; ; ; ; ; ; ; ; ; ; ; ; ; ; ; ; ; ; ; ; ; ; ; ; ; ; ; ; ; ; ; ; ; ; 
L3-37; 175; 94; 126; 145; 97; 97; 97; 97; ; 102; 152; 94; 163; 97; 163; 162; 171; 171; 94; 97; 94; 97; 153; 117; 110; 160; 137; 94; 94; 94; 94; 137; 156; 94; 131; 94; 124; 94; 94; 97; 124; 97; 94; 97; 94; 148; 110; 143; 97; 97
Lando Calrissian; 220; 226; 154; 80; 212; 212; 207; 135; ; 193; 191; 187; 216; 224; 194; 143; 217; 192; 216; 218; 208; 198; 195; 213; 187; 235; 161; 211; 219; 228; 201; 184; 198; 179; 204; 205; 205; 115; 213; 216; 208; 228; 195; 168; 201; 195; 80; 204; 211; 211
Lobot; 98; 80; 114; 80; 80; 80; 84; 84; ; 80; 174; 80; 80; 80; 129; 116; 80; 156; 80; 114; 80; 80; 117; 104; 84; 80; 84; 88; 80; 229; 80; 134; 114; 80; 80; 80; 80; 80; 80; 82; 137; 186; 80; 80; 80; 136; 80; 80; 94; 80
Logray; 206; 100; 199; 201; 200; 200; 191; 191; 200; 188; 217; 118; 194; 205; 191; 206; 211; 194; 127; 100; 221; 179; 140; 130; 165; 189; 175; 100; 127; 193; 185; 186; 184; 211; 171; 100; 194; 189; 199; 127; 201; 186; 193; 184; 100; 201; 185; 169; 208; 172
Lord Vader; ; ; ; ; ; ; ; ; ; ; ; ; 531; ; ; ; 554; ; ; ; ; 566; 562; 505; ; ; 549; ; ; 554; ; ; ; ; ; 544; 573; ; ; ; ; 529; ; ; ; 565; ; ; ; 
Luke Skywalker (Farmboy); 187; 125; 161; 114; 172; 172; 114; 114; 118; 181; 182; 137; 179; 189; 223; 197; 165; 168; 176; 139; 142; 125; 129; 136; 157; 114; 114; 114; 147; 162; 126; 158; 114; 170; 144; 114; 123; 114; 119; 114; 169; 125; 114; 131; 164; 140; 155; 149; 158; 119
Luminara Unduli; 148; 100; 164; 100; 181; 181; 174; 118; 120; 177; 186; 100; 195; 163; 165; 147; 168; 182; 118; 124; 139; 124; 185; 140; 100; 202; 130; 112; 127; 160; 123; 133; 208; 184; 145; 124; 174; 100; 118; 118; 148; 162; 118; 100; 100; 140; 100; 126; 135; 118
Mace Windu; 227; 232; 245; 170; 158; 158; 226; 196; 226; 215; 240; 210; 230; 234; 200; 213; 206; 212; 234; 139; 253; 226; 213; 206; 261; 235; 203; 244; 267; 239; 114; 226; 244; 238; 133; 195; 197; 203; 162; 196; 202; 247; 216; 212; 209; 158; 220; 211; 254; 200
Magmatrooper; 133; 119; 146; 100; 100; 100; 111; 119; ; 190; 170; 119; 119; 116; 165; 152; 170; 174; 119; 119; 100; 119; 175; 136; 129; 198; 213; 199; 176; 193; 145; 189; 177; 174; 164; 111; 136; 100; 101; 119; 163; 119; 100; 101; 101; 154; 124; 122; 229; 119
Mara Jade, The Emperor's Hand; 297; 317; 251; 252; 351; 351; 320; 275; 316; 299; 282; 291; 132; 318; 261; 228; 289; 273; 337; 294; 285; 300; 290; 294; 245; 308; 326; 320; 298; 316; 208; 282; 291; 301; 216; 300; 277; 286; 308; 145; 308; 308; ; 231; 314; 331; 276; 145; 288; 253
Maul; ; ; 325; ; ; ; 216; 323; ; ; ; 120; 301; ; ; ; 267; ; 157; ; ; 300; ; 258; ; ; ; 231; ; 275; ; 278; ; 309; ; 244; 321; ; ; ; 293; 284; ; ; ; ; ; 228; 270; 301
Mission Vao; 213; 128; 208; 192; 201; 201; 204; 128; 182; 194; 205; 196; 217; 216; 204; 175; 220; 186; 194; 193; 157; 125; 215; 147; 209; 224; 188; 215; 213; 219; 203; 156; 190; 183; 183; 190; 196; 176; 179; 202; 203; 208; 189; 208; 146; 177; 110; 192; 212; 134
Mob Enforcer; 100; 100; 144; 100; 109; 109; 284; 107; ; 116; 189; 102; 197; 102; 150; 173; 100; 169; 126; 100; 100; 100; 144; 115; 126; 254; 188; 109; 135; 100; 100; 125; 102; 100; 100; 109; 100; 100; 100; 102; 168; 126; 100; 100; 100; 131; 100; 199; 112; 124
Moff Gideon; 296; 112; 165; 108; 169; 169; 294; 296; 108; 139; 304; 239; 154; 108; 232; 165; 268; 234; 332; 108; 108; 309; 175; 154; 268; 108; 324; 312; 284; 310; 348; 156; 252; 284; 108; 315; 108; 224; 108; 108; 188; 293; 112; 308; 307; 209; 245; 232; 317; 330
Mon Mothma; 221; 61; 93; 61; 186; 186; 206; 210; ; 207; 186; 209; 208; 208; 164; 110; 131; 110; 221; 167; 195; 192; 219; 61; 61; 221; 202; 210; ; 187; 202; 188; 176; 61; 192; 217; 172; 61; 185; 230; 212; 198; 222; 185; 204; 220; 120; 233; 226; 202
Mother Talzin; 241; 114; 193; 102; 102; 102; 185; 193; 205; 153; 233; 122; 197; 204; 222; 187; 216; 150; 210; 174; 190; 233; 219; 175; 185; 225; 184; 219; 194; 214; 155; 234; 205; 136; 149; 201; 224; 106; 201; 176; 210; 164; 114; 192; 192; 196; 187; 190; 206; 166
Nightsister Acolyte; 147; 85; 135; 85; 85; 85; 121; 115; ; 85; 202; 113; 85; 107; 219; 161; 224; 190; 212; 85; 85; 237; 157; 177; 199; 203; 115; ; ; ; 85; 248; 85; 115; 85; 85; 85; 85; 174; 85; 107; 233; ; 85; ; 233; 85; 154; 115; 147
Nightsister Initiate; 142; 100; 176; 100; 100; 100; 151; 112; 107; 135; 175; 100; 112; 212; 165; 154; 146; 177; 100; 112; 184; 112; 182; 149; 116; 112; 112; 112; 107; 173; 100; 215; 112; 148; 100; 112; 186; 100; 112; 112; 152; 112; 100; 102; 169; 124; 129; 146; 187; 112
Nightsister Spirit; 148; 129; 215; 115; 90; 90; 159; 216; 232; 129; 270; 211; 212; 106; 175; 138; 144; 166; 90; 141; 203; 129; 213; 135; 153; 235; 204; 218; 232; 213; 213; 219; 230; 172; 159; 90; 90; 90; 141; 209; 198; 135; 129; 90; 199; 233; 201; 237; 107; 173
Nightsister Zombie; 243; 80; 211; 91; 84; 84; 88; 196; 209; 161; 236; 205; 180; 205; 193; 189; 216; 146; 192; 142; 164; 186; 178; 141; 184; 211; 222; 195; 212; 234; 173; 220; 213; 180; 132; 181; 195; 88; 197; 196; 211; 212; 80; 94; 169; 198; 230; 177; 194; 108
Ninth Sister; 108; 228; 134; 234; 108; 108; 210; 108; 147; 192; 196; 196; 108; 132; 181; 200; 231; 221; 161; 108; 108; ; 200; 140; 174; ; 293; 220; 205; 108; 225; 201; 194; 204; 108; 202; 155; 110; 108; 129; 185; 255; ; 148; 184; 108; 193; 277; 132; 245
Nute Gunray; 244; 273; 240; 239; 261; 261; 268; 174; 249; 254; 244; 218; 285; 273; 231; 220; 281; 270; 248; 260; 180; 257; 295; 275; 194; 281; 242; 300; 259; 284; 227; 289; 241; 209; 253; 274; 287; 236; 251; 235; 256; 276; 100; 258; 223; 286; 230; 281; 202; 193
Obi-Wan Kenobi (Old Ben); 225; 121; 230; 112; 229; 229; 263; 210; 118; 223; 154; 207; 195; 232; 199; 245; 193; 223; 216; 223; 219; 238; 197; 132; 124; 208; 166; 226; 132; 225; 191; 224; 186; 182; 230; 186; 211; 144; 208; 229; 238; 201; 212; 255; 227; 164; 160; 211; 280; 225
Old Daka; 222; 126; 207; 148; 88; 88; 199; 219; 256; 187; 234; 186; 196; 227; 210; 186; 251; 169; 198; 184; 164; 241; 234; 157; 188; 240; 233; 220; 223; 229; 204; 202; 279; 208; 156; 222; 219; 102; 193; 212; 236; 202; 126; 204; 210; 219; 237; 218; 224; 168
Omega; ; 152; 201; 95; 95; 95; 97; 95; ; 95; 174; 246; 181; 95; 135; 183; 218; 184; 260; 95; 211; 95; 188; 117; ; ; 264; 240; 95; 247; 95; 204; 162; 95; 95; 240; 198; 95; 95; 109; 190; 251; 95; 95; ; 229; 174; 159; 243; 109
Padmé Amidala; 291; 317; 287; 293; 307; 307; 308; 299; 287; 266; 270; 272; 289; 292; 296; 308; 289; 275; 300; 286; 257; 292; 295; 311; 196; 302; 289; 302; 300; 307; 282; 299; 290; 293; 277; 281; 264; 274; 293; 292; 289; 285; 278; 307; 305; 258; 302; 284; 301; 286
Pao; 158; 100; 120; 100; 100; 100; 241; 100; ; 100; 202; 186; ; 107; 171; 142; 181; 189; 239; 100; 100; ; 195; 139; 100; 214; 210; 100; ; 100; 211; 124; 210; 100; 100; 100; 178; 100; 133; 225; 189; 242; 191; 100; ; 182; 100; 145; 220; 133
Paploo; 184; 201; 176; 195; 178; 178; 165; 128; 173; 142; 125; 198; 175; 180; 180; 186; 187; 153; 184; 152; 206; 168; 139; 121; 147; 191; 160; 180; 138; 172; 115; 131; 173; 180; 152; 134; 193; 169; 151; 102; 197; 175; 159; 118; 158; 181; 158; 172; 156; 125
Plo Koon; 193; 182; 183; 80; 189; 189; 161; 183; 163; 175; 202; 205; 212; 83; 169; 128; 169; 184; 99; 114; 80; 114; 207; 164; 168; 80; 124; 212; 175; 175; 171; 200; 185; 180; 182; 186; 161; 175; 80; 170; 172; 186; 97; 114; 181; 189; 155; 153; 118; 174
Poe Dameron; 207; 142; 150; 254; 100; 100; 236; 133; ; 115; 194; 100; 100; 120; 195; 149; 179; 200; 142; 261; 210; 142; 207; 159; 118; 185; 137; 137; 100; 183; 120; 208; 216; 172; 167; 120; 203; 100; 230; 137; 156; 164; 137; 105; 163; 204; 187; 249; 187; 169
Poggle the Lesser; 244; 280; 250; 205; 238; 238; 226; 241; 288; 285; 262; 254; 230; 284; 267; 267; 264; 292; 240; 248; 259; 254; 245; 236; 232; 198; 181; 273; 258; 238; 231; 290; 239; 245; 269; 235; 193; 222; 196; 236; 226; 217; 222; 215; 252; 242; 248; 232; 280; 204
Princess Leia; 265; 152; 220; 152; 236; 236; 275; 263; 161; 276; 253; 248; 238; 264; 241; 232; 232; 259; 278; 191; 263; 240; 216; 174; 141; 201; 245; 256; 183; 273; 263; 266; 187; 230; 275; 241; 267; 143; 240; 264; 256; 223; 247; 197; 259; 211; 179; 230; 254; 194
Qi'ra; 224; 147; 161; 110; 110; 110; 227; 110; ; 142; 252; 110; 205; 130; 177; 178; 226; 213; 168; 110; 218; 160; 213; 198; 184; 185; 208; 110; 154; 110; 110; 180; 222; 216; 163; ; 110; ; 195; 133; 210; 197; ; 110; ; 178; 183; 204; 169; 142
Qui-Gon Jinn; 223; 271; 232; 100; 100; 100; 273; 260; 261; 228; 227; 243; 273; 219; 206; 261; 261; 240; 264; 145; 256; 229; 213; 222; 213; 250; 137; 261; 252; 263; 211; 243; 253; 273; 184; 145; 156; 250; 256; 263; 217; 231; 221; 121; 215; 233; 265; 243; 265; 145
R2-D2; 269; 299; 203; 264; 276; 276; 303; 261; 180; 273; 289; 247; 251; 280; 257; 231; 230; 285; 281; 298; 252; 290; 283; 176; 216; 259; 271; 301; 298; 277; 267; 270; 270; 281; 275; 284; 274; 218; 231; 254; 278; 259; 261; 253; 289; 271; 235; 300; 294; 302
Range Trooper; 211; 237; 131; 80; 80; 80; 115; 80; 238; 80; 189; 80; 115; 87; 123; 144; 191; 158; 174; 80; 80; 221; 148; 115; 197; 213; 213; 224; 188; 80; 233; 195; 201; 80; 80; 80; 80; 163; 213; 80; 151; 202; 188; 227; 177; 142; 244; 220; 244; 166
Rebel Officer Leia Organa; 254; 250; 180; 110; 253; 253; 245; 267; 231; 241; 244; 212; 256; 250; 230; 205; 265; 238; 246; 264; 249; 242; 238; 271; 258; 278; 232; 258; 260; 247; 240; 244; 230; 230; 241; 231; 240; 152; 258; 221; 247; 264; 249; 252; 220; 257; 110; 220; 248; 269
Resistance Hero Finn; 175; 126; 152; 317; 126; 126; 310; 146; ; 169; 250; ; 126; 126; 184; 172; 181; 223; 309; 299; 126; 126; 185; 131; 126; 262; 160; ; ; 126; 126; 152; 152; 126; 126; 126; 126; ; ; 160; 198; 246; 126; 136; 126; 338; 126; 312; 158; 251
Resistance Hero Poe; 178; 114; 142; 277; 119; 119; 282; 124; ; 114; 212; ; 114; 114; 164; 157; 188; 188; 272; 264; 114; 114; 181; 119; 114; 234; 148; 140; ; 114; 114; 163; 140; 114; 114; 242; 114; 114; 114; 148; 173; 207; ; 124; 114; 302; 160; 269; 114; 148
Resistance Pilot; 124; 115; 177; 211; 110; 110; 201; 115; 112; 197; 172; 106; 118; 115; 169; 145; 179; 176; 115; 150; 193; 115; 168; 132; 119; 173; 115; 115; 166; 115; 115; 115; 128; 157; 124; 115; 177; 100; 115; 115; 160; 120; 115; 112; 150; 196; 144; 211; 115; 137
Resistance Trooper; 100; 121; 141; 218; ; ; 222; ; ; 100; 195; ; ; 100; 183; 143; 210; 186; 100; 195; 195; 105; 147; 102; 100; 172; 178; 203; 100; 179; 158; 142; 191; 155; 151; 115; 102; ; 179; 115; 170; 207; 121; 100; 155; 159; 100; 206; 192; 115
Rey; ; ; ; 552; ; ; 551; ; ; ; ; ; ; ; ; ; ; ; ; 559; ; ; ; ; ; ; ; ; ; ; ; ; ; ; ; ; ; ; ; ; ; ; ; ; ; 535; ; 538; ; 
Rey (Jedi Training); 240; 265; ; 267; 228; 228; 290; 263; ; 234; 249; 204; ; 244; 250; ; 234; 209; 291; 263; 210; 224; 181; 170; ; 241; 227; 257; ; 257; 240; 247; 242; 249; 253; 227; 257; ; 251; 211; 230; 258; 232; 235; 221; 235; 225; 259; 280; 271
Rey (Scavenger); 234; 246; 123; 261; 225; 225; 261; 220; 100; 250; 253; 174; 100; 238; 229; 211; 221; 248; 143; 285; 188; 256; 233; 189; 171; 213; 211; 227; 100; 252; 143; 200; 221; 225; 279; 143; 220; 100; 250; 245; 212; 262; 219; 212; 198; 257; 225; 268; 240; 143
Rose Tico; 137; 100; 138; 251; ; ; 232; ; ; 105; 219; 118; ; 100; 153; 185; 182; 175; ; 211; 100; 112; 100; 100; ; 100; 127; 197; 100; ; 100; 162; 147; 100; 100; 100; 100; ; 100; 120; 165; 165; 100; ; 138; 218; 100; 228; 112; 100
Royal Guard; 126; 171; 197; 168; 167; 167; 166; 130; 246; 165; 149; 139; 188; 110; 206; 140; 185; 198; 180; 182; 129; 214; 184; 210; 182; 155; 138; 223; 143; 182; 193; 175; 166; 212; 144; 181; 199; 195; 110; 110; 175; 163; 113; 119; 194; 218; 147; 113; 151; 153
Sabine Wren; 169; 161; 151; 127; 184; 184; 132; 133; 193; 146; 224; 145; 217; 127; 207; 176; 224; 229; 103; 103; 204; 105; 152; 190; 181; 228; 186; 133; 161; 194; 136; 241; 198; 168; 188; 192; 153; 127; 133; 127; 187; 231; 133; 127; 167; 184; 165; 204; 239; 127
Sana Starros; ; 297; 148; ; 105; 105; 203; ; ; 105; 158; 105; 105; 105; 169; 139; 105; 199; 233; 105; 105; ; ; 105; ; 229; 105; 105; 105; ; 105; ; 105; 105; 105; ; 105; ; 105; ; 175; ; ; 105; 105; ; 249; 260; ; 105
Savage Opress; 132; 100; 179; 179; 100; 100; 173; 112; ; 131; 208; 100; 100; 110; 167; 182; 159; 209; 200; 143; 186; 214; 172; 131; 100; 100; 248; 197; 146; 199; 185; 118; 187; 100; 119; 184; 159; 100; 100; 100; 155; 194; 114; 100; ; 126; 208; 191; 190; 179
Scarif Rebel Pathfinder; 100; 109; 157; 102; 100; 100; 100; 109; 100; 182; 154; 109; 189; 102; 163; 162; 169; 181; 109; 109; 100; 107; 133; 129; 114; 109; 109; 109; 100; 100; 113; 111; 109; 100; 100; 156; 150; 100; 109; 109; 145; 200; 100; 100; 100; 172; 152; 112; 109; 142
Second Sister; 113; 242; 124; 241; 105; 105; 212; 105; 166; 193; 230; 178; 105; 148; 248; 181; 229; 251; 287; 105; 105; ; 205; 148; 221; ; 297; 151; 215; 148; 305; 255; 213; 202; 105; 253; 248; 105; 105; 105; 193; 294; ; 188; 251; 105; 206; 303; 157; 266
Seventh Sister; 105; 260; 133; 259; 105; 105; 241; 105; 166; 185; 233; 170; 105; 148; 230; 198; 210; 231; 201; 105; 105; ; 257; 148; 215; ; 321; 148; 187; 105; 289; 252; 237; 195; 135; 213; 201; 107; 105; 135; 220; 315; ; 158; 240; 105; 186; 340; 139; 271
Shaak Ti; 296; 345; 309; 320; 296; 296; 316; 219; 293; 337; 296; 296; 278; 340; 298; 311; 349; 278; 305; 301; 309; 303; 267; 272; 286; 341; 252; 283; 313; 328; 268; 278; 288; 314; 299; 326; 287; 308; 287; 293; 282; 332; 327; 255; 280; 311; 329; 297; 279; 320
Shoretrooper; 182; 111; 203; 103; 206; 206; 103; 103; 207; 103; 117; 103; 103; 103; 155; 151; 163; 159; 103; 103; 185; 209; 181; 111; 160; 183; 198; 169; 185; 219; 186; 191; 182; 192; 141; 156; 147; 103; 191; 108; 164; 192; 124; 108; 156; 165; 146; 160; 207; 162
Sith Assassin; 159; 105; 210; 105; 114; 114; 134; 137; ; 162; 202; 105; 216; 142; 225; 281; 219; 191; 105; 105; 197; 219; 183; 240; 214; 148; 151; 105; 105; 105; 105; 134; 151; 105; 105; 151; 268; 105; 151; 134; 164; 214; 148; 114; ; 267; 105; 156; 148; 191
Sith Empire Trooper; 107; 162; 214; 158; 154; 154; 95; 153; ; 155; 107; 95; 95; 205; 121; 133; 181; 132; 109; 195; 211; 213; 133; 134; 130; 131; 161; 210; 163; 222; 95; 164; 113; 196; 171; 95; 95; 171; 185; 140; 184; 145; 95; 95; 110; 143; 95; 133; 151; 132
Sith Eternal Emperor; ; 487; 493; ; ; ; ; 484; 476; ; 487; 491; ; ; 463; ; ; 459; 491; 483; ; 478; ; 490; ; ; ; 503; 473; 482; 472; ; ; 481; ; 484; ; 491; ; ; ; 481; ; ; 520; ; ; ; ; 477
Sith Marauder; 264; 253; 278; 235; 108; 108; 262; 204; 281; 149; 247; 162; 268; 136; 226; 227; 176; 225; 252; 240; 108; 238; 156; 213; 221; 108; 192; 246; 241; 265; 229; 205; 241; 254; 162; 266; 108; 247; 219; 108; 161; 249; 187; 163; 255; 146; 108; 136; 126; 311
Sith Trooper; 80; 119; 117; ; 263; 263; 133; 97; ; 203; 181; 80; 110; 92; 145; 155; 272; 179; 80; 80; 80; 80; 172; 80; 80; 250; 229; ; ; ; 110; 142; 192; ; 223; 204; ; ; ; ; 233; 270; ; 243; 201; 146; 249; 252; 205; 110
Skiff Guard (Lando Calrissian); ; 105; 135; 105; 105; 105; 262; ; ; 105; 198; 113; 219; 105; 144; 163; 105; 193; 132; 105; 105; ; ; 105; ; 267; 105; 105; 178; ; 105; ; 173; 105; 105; 105; 105; ; 105; ; 161; 132; ; 105; 105; ; 105; 270; 105; 132
Snowtrooper; 122; 92; 153; 153; 152; 152; 127; 92; 86; 155; 171; 98; 144; 92; 147; 131; 144; 126; 154; 98; 166; 98; 109; 92; 103; 186; 197; 191; 137; 86; 86; 172; 162; 118; 122; 98; 115; 86; 190; 86; 144; 202; 92; 86; 110; 174; 86; 154; 228; 162
Starkiller; ; ; ; ; ; ; 257; ; ; 278; 221; ; ; 270; ; ; ; ; 299; ; ; 255; ; ; ; 250; 299; 238; ; 258; ; ; ; 268; ; ; ; ; 285; ; ; 204; ; ; ; 142; ; ; ; 
Stormtrooper; 110; 113; 150; 85; 85; 85; 170; 99; 93; 122; 137; 153; 182; 93; 166; 156; 131; 169; 190; 113; 184; 233; 177; 129; 85; 101; 235; 212; 85; 85; 107; 192; 178; 158; 137; 215; 85; 85; 181; 93; 116; 195; 117; 96; 146; 222; 121; 169; 233; 174
Stormtrooper Han; 156; 121; 177; 121; 188; 188; 184; 121; 156; 161; 143; 121; 174; 162; 188; 147; 149; 190; 203; 137; 129; 121; 163; 136; 121; 211; 121; 121; 156; 160; 140; 155; 148; 191; 155; 158; 193; 172; 173; 121; 142; 136; 132; 147; 178; 188; 164; 135; 125; 121
Sun Fac; 189; 199; 209; 192; 196; 196; 181; 216; 216; 227; 153; 213; 196; 217; 181; 163; 215; 225; 214; 201; 233; 226; 171; 164; 167; 195; 180; 222; 196; 170; 142; 212; 170; 204; 210; 154; 127; 191; 159; 191; 202; 151; 174; 149; 188; 208; 189; 196; 205; 109
Supreme Leader Kylo Ren; ; ; ; ; 571; 571; ; ; ; ; ; ; ; ; ; ; 576; ; ; ; ; ; ; ; ; 576; 538; ; ; ; ; ; ; ; 539; ; ; ; ; ; 571; 558; ; 558; 584; ; 585; 566; 506; 
T3-M4; 203; 165; 186; 183; 216; 216; 172; 144; 114; 188; 250; 142; 225; 126; 175; 240; 184; 182; 126; 156; 151; 160; 188; 132; 169; 126; 233; 213; 182; 159; 126; 186; 168; 190; 188; 126; 159; 118; 126; 213; 156; 185; 197; 160; 114; 209; 175; 195; 107; 200
TIE Fighter Pilot; 271; 299; 226; 249; 221; 221; 275; 301; 257; 224; 269; 220; 243; 268; 261; 191; 276; 255; 290; 190; 279; 288; 289; 212; 214; 267; 295; 261; 263; 266; 218; 289; 251; 278; 264; 276; 242; 242; 273; 238; 271; 232; 149; 158; 282; 259; 281; 183; 283; 238
Talia; 183; 103; 177; 95; 146; 146; 148; 103; 165; 160; 195; 101; 168; 186; 197; 196; 167; 150; 88; 159; 180; 161; 212; 148; 147; 193; 171; 103; 135; 228; 108; 156; 103; 177; 113; 200; 183; 95; 173; 103; 132; 168; 103; 98; 135; 185; 102; 147; 184; 103
Tech; 95; 171; 236; 95; 95; 95; 98; 95; ; 95; 186; 269; 233; 95; 182; 152; 251; 192; 254; 95; 216; 248; 244; 249; ; ; 288; 263; 95; 267; 95; 252; 157; 95; 95; 269; 280; 178; 95; 131; 217; 284; 95; 108; 95; 266; 217; 206; 255; 210
Teebo; 148; 118; 201; 136; 100; 100; 153; 131; 100; 163; 194; 209; 118; 156; 161; 180; 172; 187; 118; 148; 167; 184; 174; 179; 142; 118; 112; 208; 143; 144; 133; 128; 118; 143; 152; 235; 195; 157; 118; 118; 194; 161; 160; 150; 178; 189; 100; 155; 184; 118
The Armorer; 105; 273; 162; 105; 105; 105; 146; 255; 279; 193; 309; 105; 219; 105; 182; 198; 236; 203; 319; 186; 105; ; 171; 151; 105; ; 142; 294; 296; 294; 285; 244; 201; 109; 105; 105; 105; 105; 105; 142; 210; 215; 206; 128; 247; 229; 218; 188; 300; 142
The Mandalorian; 265; 254; 169; 226; 291; 291; 244; 249; 217; 269; 244; 208; 224; 239; 246; 208; 270; 199; 235; 199; 244; 206; 177; 188; 197; 223; 261; 214; 236; 236; 193; 264; 257; 204; 282; 135; 233; 135; 173; 135; 182; 225; 218; 181; 237; 222; 210; 214; 241; 193
The Mandalorian (Beskar Armor); 234; 244; 174; 204; 236; 236; 262; 207; ; ; 226; 208; 203; 205; 246; ; 219; 183; 262; 144; 208; 212; 216; 222; 162; 237; 180; 251; 251; 185; 262; 244; 186; 231; 237; 203; 221; 221; 148; 115; 243; 183; 110; ; 240; 205; 238; 184; 240; 165
Third Sister; ; ; ; ; ; ; ; ; ; ; ; ; ; ; ; ; ; ; ; ; ; ; ; ; ; ; ; ; ; ; ; ; ; ; ; ; ; ; ; ; ; ; ; ; ; ; ; ; ; 
Threepio & Chewie; 289; 260; 294; 262; 291; 291; 263; 276; 269; 249; 267; 249; 217; 261; 255; 269; 270; 254; 298; 258; 273; 270; 209; 212; 273; 270; 266; 255; 262; 268; 249; 271; 237; 261; 258; 301; 254; 252; 275; 278; 262; 234; 264; 252; 243; 265; 280; 244; 293; 230
Tusken Raider; 125; 121; 180; 100; 100; 100; 208; 106; ; 100; 169; 127; 187; 106; 195; 146; 225; 181; 121; 100; 150; 193; 204; 188; 102; 100; 141; 222; 100; 218; 167; 221; 174; 100; 100; 207; 221; 100; 100; 102; 159; 207; ; 100; 100; 215; 174; 187; 121; 121
Tusken Shaman; 100; 105; 165; 108; 100; 100; 202; 108; ; 100; 173; 100; 103; 100; 172; 144; 124; 152; 119; 100; 184; 103; 127; 144; 161; 100; 108; 230; 100; 208; 150; 128; 163; 100; 100; 100; 178; 100; 100; 108; 100; 119; 100; 100; 100; 154; 186; 206; 108; 103
URoRRuR'R'R; 100; 107; 154; 100; 100; 100; 263; 107; 100; 100; 221; 100; 249; 100; 186; 172; 100; 193; 133; 100; 190; 100; 100; 147; 100; 167; 100; 244; 129; 201; 198; 123; 207; 100; 100; 133; 199; 100; 100; 100; 162; 127; 100; 100; 100; 150; 189; 229; 157; 115
Ugnaught; 216; 106; 157; 100; 106; 106; 106; 106; ; 100; 215; ; 100; 106; 121; 132; 128; 186; 100; 100; 100; 100; 120; 138; 106; 106; 106; 100; 165; 100; 225; 139; 165; 112; 100; 120; 229; 106; 106; 106; 100; 130; 100; 100; 106; 165; 100; 106; 130; 100
Vandor Chewbacca; 209; 110; 162; 110; 110; 110; 119; 110; ; 167; 138; 110; ; 116; 154; 148; 193; 196; 110; 110; 110; 125; 167; 125; ; 198; 120; ; ; 110; 110; 134; 125; 110; 110; ; 110; ; 110; ; 180; 125; 110; 110; ; 178; 118; 110; 110; 131
Veteran Smuggler Chewbacca; 161; 96; 106; 192; 177; 177; 182; 153; ; 149; 173; 122; 80; 181; 128; 147; 131; 161; 157; 205; 122; 93; 126; 116; ; 96; 109; 170; ; 168; 96; 138; 96; 145; 196; 96; 170; ; 96; 96; 152; 142; 152; 96; 151; 140; 146; 158; 140; 96
Veteran Smuggler Han Solo; 220; 188; 147; 181; 244; 244; 139; 139; ; 209; 207; 139; ; 221; 197; 177; 196; 203; 169; 145; 204; 139; 176; 161; ; 239; 213; 217; ; 198; 142; 168; 139; 186; 241; 139; 156; ; 139; 139; 186; 205; 139; 214; 219; 139; 236; 221; 234; 139
Visas Marr; 113; 75; 200; ; 75; 75; 235; 103; ; 160; 164; 75; 206; 126; 145; ; 131; 176; 227; 75; 75; 85; 75; 129; 75; 232; 210; 220; ; ; 75; 231; 201; 199; 75; ; 75; 215; 237; 75; 131; 126; 75; 75; 154; 167; 75; 103; 75; 120
Wampa; 251; 225; 169; 100; 238; 238; 244; 250; 212; 218; 249; 208; 239; 231; 208; 151; 233; 218; 240; 243; 243; 205; 216; 207; 190; 237; 212; 290; 229; 181; 247; 257; 226; 271; 227; 226; 210; 241; 257; 147; 231; 221; 219; 215; 204; 230; 156; 201; 242; 177
Wat Tambor; 300; 279; 320; 231; 307; 307; 319; 283; 294; 270; 292; 259; 271; 273; 244; 268; 281; 274; 287; 312; 298; 292; 280; 268; 273; 271; 312; 328; 294; 261; 238; 280; 269; 293; 249; 278; 274; 292; 302; 176; 285; 277; 267; 142; 231; 301; 278; 277; 284; 253
Wedge Antilles; 251; 163; 145; 110; 179; 179; 165; 191; 110; 186; 192; 183; 179; 196; 213; 171; 171; 170; 211; 208; 214; 203; 186; 136; 177; 200; 186; 207; 172; 215; 197; 199; 170; 171; 209; 214; 194; 119; 212; 192; 199; 219; 158; 205; 220; 214; 100; 202; 234; 134
Wicket; 219; 239; 215; 220; 214; 214; 170; 197; 154; 186; 200; 116; 217; 128; 209; 207; 210; 212; 217; 160; 215; 128; 195; 184; 206; 204; 183; 201; 164; 218; 151; 201; 202; 177; 179; 202; 116; 168; 217; 140; 202; 206; 180; 196; 206; 180; 197; 159; 221; 224
Wrecker; 95; 117; 220; 95; 95; 95; 97; 95; ; 95; 154; 187; 227; 95; 138; 147; 255; 181; 261; 95; 222; 208; 227; 209; ; ; 233; 246; 95; 240; 95; 242; 153; 95; 95; 242; 246; 200; 95; 117; 188; 230; 95; 95; 95; 245; 169; 218; 218; 207
Young Han Solo; 185; 100; 147; 100; 100; 100; 147; ; ; 173; 195; 119; ; 102; 176; 180; 211; 186; ; 100; 140; 100; 177; 122; 130; 119; 119; ; 119; 100; 100; 119; 119; 100; 100; ; 100; ; 100; 100; 100; 119; 100; 114; ; 158; ; 133; 149; 119
Young Lando Calrissian; 213; 121; 160; 126; 112; 112; 213; 112; 118; 183; 241; 95; 112; 123; 148; 158; 209; 207; 95; 141; 182; 121; 161; 158; 157; 95; 164; 115; 95; 95; 95; 148; 186; 95; 156; 95; 184; 95; 95; 109; 152; 198; 95; 126; 95; 162; 154; 152; 202; 130
Zaalbar; 156; 162; 131; 137; 175; 175; 153; 110; 140; 139; 132; 119; 224; 175; 146; 204; 208; 163; 162; 172; 112; 197; 155; 110; 170; 166; 106; 190; 177; 179; 175; 161; 175; 148; 141; 133; 161; 142; 106; 171; 129; 152; 146; 185; 122; 137; 141; 132; 193; 119
Zam Wesell; 267; 142; 225; 100; 100; 100; 203; 183; 220; 100; 239; 186; 267; 185; 229; 237; 287; 235; 261; 192; 164; 264; 318; 261; 100; 281; 255; 291; 100; 306; 272; 291; 261; 180; 100; 293; 248; 100; 243; 260; 177; 235; 142; 100; 187; 262; 180; 199; 261; 248
Zorii Bliss; ; 101; 151; 222; 101; 101; ; ; ; 101; 204; ; 101; 101; 177; 136; 101; 198; 101; 101; 101; ; ; 101; ; ; 101; 101; ; ; 101; ; 101; 101; 101; ; 101; ; 101; ; 161; ; ; ; ; ; 101; 101; 101; 101
