Guild Members; Agen Kolar; Alligume; Baby Sia; Belette Manon; Ben; Bibo; Boby Leymard; Cay; Codex2151; DaleX; Dark Nash; Daïdhara; Din Djarin; Domotikator; Dovahkiin; Drauglin Lucas; El fifi; En esprit; Feanor Lacer; FloX mol eliza; GuigzZ; Heavo24; Jaarael; Kaa76; Karrak; Kaïpan; Kobalt; Korto Vos; Luffy saitama; Lumpouille; M'enfin; Mike Wheeler; Nightmarr; Nobo; Nuke; Obi Dam Nabira; ObiWanPeace; Obiwan18; Pao Piett de Vao; Pouhpou; Revanche Gilder; taquin; Tataf; valkorion; Virance; Whills Wotan; Wébélu; Xilebo
Jedi Master Kenobi; 562; 563; ; 560; ; 556; 561; 533; 545; 548; 545; ; ; 534; ; 540; ; ; 571; 562; 562; ; 440; 551; ; 558; 562; 520; ; 565; 577; ; ; 571; 574; ; 543; 547; 544; ; ; 551; 558; ; 547; 572; 543; 
Jedi Master Luke Skywalker; 550; ; ; ; 539; ; 534; ; 557; ; ; 552; 537; 543; 557; 554; 535; ; 529; 461; ; ; ; 572; 554; 552; 544; ; 563; 541; 533; ; 557; 554; 544; 356; 543; ; ; 544; 534; 549; ; 543; 543; 556; 535; 556
Lord Vader; ; 554; ; ; ; ; ; 531; ; ; 542; ; ; 529; ; 524; ; ; 554; ; ; ; ; ; ; 561; ; 514; ; 561; 565; ; 573; ; ; ; ; ; ; ; ; ; ; ; 542; ; ; 552
Rey; ; ; ; ; ; ; ; ; ; ; ; ; 545; ; ; ; ; ; ; ; ; 552; ; ; ; ; 538; ; ; ; 535; ; ; ; ; 559; ; ; ; ; ; ; ; ; ; ; ; 
Sith Eternal Emperor; ; ; ; ; 520; 491; ; ; ; 477; 493; ; ; 481; ; ; 463; ; 482; ; 476; ; ; ; ; 503; ; 490; ; ; ; 489; ; ; 491; 483; ; 365; 481; 472; 477; 497; 365; ; ; ; 491; 484
Supreme Leader Kylo Ren; ; 576; 585; ; 584; ; ; ; ; ; ; 558; 555; 558; 563; ; ; 586; ; 472; ; ; ; ; 571; ; 572; ; ; ; ; ; ; 579; ; ; ; ; ; ; ; ; ; 571; ; 582; ; 
Jabba the Hutt; ; ; ; ; ; ; ; ; ; ; ; ; ; ; ; ; ; ; ; ; ; ; ; ; ; ; 534; ; 548; ; ; ; ; ; ; ; ; ; ; ; ; ; ; ; ; 545; ; 
General Skywalker; 299; 280; ; 245; 262; 280; 298; 273; 263; 294; 278; 215; 168; 266; 284; 285; 269; 128; 309; 288; 298; 254; 221; 296; 212; 292; 289; 259; 274; 296; 289; 297; 296; 282; 296; 256; 287; 204; 286; 204; 259; 284; 214; 278; 289; 271; 273; 301
Commander Luke Skywalker; 294; 252; 305; 298; 303; 268; 298; 256; 254; 271; 304; 272; 258; 283; 291; 294; 282; 266; 260; 254; 304; 287; 230; 299; 257; 313; 300; 272; 268; 237; 297; 252; 244; 307; 287; 253; 310; 284; 283; 306; 261; 281; 172; 300; 283; 292; 291; 317
Darth Revan; 327; 306; ; 288; ; 333; 321; 319; 328; 281; 300; 250; 303; 316; 312; 324; 293; ; 323; 277; ; 323; 254; 343; 322; 304; 266; 310; 339; 275; 294; 332; 289; 323; 346; 300; 335; 340; 313; 319; 327; 286; 334; ; 327; 347; 249; 347
Darth Vader; 257; 242; 279; 234; 289; 272; 236; 262; 236; 238; 249; 261; 216; 281; 279; 262; 195; 259; 277; 261; 218; 264; 222; 282; 252; 288; 246; 247; 282; 287; 272; 243; 268; 279; 254; 214; 250; 244; 289; 274; 255; 249; 265; 275; 266; 270; 231; 262
Jedi Knight Revan; 308; 260; 316; 294; ; 301; 278; 305; 306; 288; 253; 312; 311; 276; 322; 284; 280; 275; 308; 282; 243; 297; 243; 310; 288; 293; 272; 280; 310; 241; 301; 287; 328; 319; 284; 286; 325; 291; 281; 288; 282; 258; 319; 307; 312; 320; 232; 322
Mace Windu; 162; 206; 256; 213; 209; 203; 215; 230; 220; 231; 267; 212; 144; 247; 228; 226; 200; 111; 239; 227; 226; 170; 261; 235; 202; 240; 211; 206; 169; 213; 158; 195; 202; 220; 234; 139; 227; 196; 238; 198; 200; 240; 293; 158; 253; 235; 210; 195
Rey (Jedi Training); 251; 234; 225; ; 221; ; 234; ; 251; 228; ; 235; 244; 258; 262; 247; 250; ; 257; 267; ; 267; ; 263; 230; 257; 259; 170; 197; 181; 235; 233; 257; 250; 291; 263; 240; 263; 249; 231; 276; 249; ; 248; 241; 241; 204; 244
Grand Inquisitor; ; ; ; ; ; ; ; ; ; ; ; ; ; 324; ; ; ; ; ; ; ; ; ; ; ; ; 316; ; ; ; ; ; ; ; ; ; ; ; ; ; ; ; ; ; ; ; ; 
Third Sister; ; ; ; ; ; ; ; ; ; ; ; ; ; ; ; ; ; ; ; ; ; ; ; ; ; ; ; ; ; ; ; ; ; ; ; ; ; ; ; ; ; ; ; ; ; ; ; 
Maul; ; 289; ; ; ; ; ; 315; ; ; 321; ; 216; 284; ; 278; ; ; 276; 330; ; ; ; ; 293; 273; 235; 302; ; ; ; ; 321; 310; 161; ; ; 323; 314; ; 301; ; 281; ; 303; ; 120; 233
Ben Solo; ; ; ; ; ; ; ; ; ; ; ; ; 207; ; ; ; ; ; ; 247; ; 285; ; ; ; ; 110; ; ; ; ; ; ; ; 193; ; ; ; ; ; ; ; ; ; ; 241; ; 
Doctor Aphra; ; ; ; ; ; ; ; ; ; ; ; ; ; ; ; ; ; ; ; ; ; ; ; ; ; ; 232; ; ; ; ; ; ; ; ; ; ; ; ; ; ; ; ; ; ; ; ; 
C-3PO; 259; 260; 249; 268; 258; 257; 264; 256; 270; 262; 285; 250; 276; 247; 299; 244; 201; 239; 253; 267; 250; 245; 209; 280; 248; 249; 248; 235; 209; 241; 262; 251; 274; 265; 256; 261; 273; 254; 263; 247; 246; 269; 278; 267; 257; 246; 259; 292
Commander Ahsoka Tano; ; 339; 352; ; ; 346; 347; 319; ; 324; 356; 234; 149; 330; ; 327; 200; ; 337; 337; 355; ; 335; 287; 316; 344; 355; 328; ; 319; 338; 362; 257; 351; 351; ; 363; 313; 344; 253; ; 307; 358; 339; 328; 352; 319; 304
Admiral Trench; ; ; ; ; ; ; ; ; ; ; ; ; ; ; ; ; ; ; ; ; ; ; ; ; ; ; ; ; ; ; ; ; ; ; ; ; ; ; ; ; ; ; ; ; ; ; ; 
Aurra Sing; 211; 259; 115; 201; 115; 115; 198; 242; ; 199; 163; 115; 212; 211; 115; 237; 189; 144; ; 115; 210; 115; 167; 218; 167; 115; 231; 115; 226; 170; 167; 147; 115; 115; 147; 115; 115; 198; 185; 115; 147; 221; 230; 115; 115; 245; 165; 144
Bossk; 250; 289; 275; 291; 284; 278; 280; 228; 233; 281; 293; 253; 235; 275; 348; 272; 292; 325; 270; 290; 276; 279; 243; 290; 283; 294; 258; 242; 315; 280; 255; 283; 253; 305; 286; 252; 285; 278; 267; 294; 281; 304; 307; 314; 266; 308; 232; 273
Geonosian Brood Alpha; 208; 257; 254; 264; 250; 241; 268; 258; 231; 262; 231; 189; 158; 229; 259; 270; 278; 227; 263; 264; 271; 243; 250; 274; 253; 275; 267; 254; 200; 268; 239; 234; 217; 274; 256; 243; 288; 240; 259; 285; 186; 261; 253; 229; 249; 220; 270; 259
Greef Karga; 128; 251; 207; 166; 201; 185; 167; 274; 203; 190; 235; 162; 248; 194; 256; 151; 218; 201; 238; 240; 226; 238; 217; 244; 224; 128; 236; 192; 302; 221; 217; 253; 234; 273; 128; 146; 274; 189; 236; 195; 224; 271; 128; 315; 194; 258; 257; 203
HK-47; 171; 209; 128; 207; 80; 175; 214; 244; 166; 201; 244; 177; 137; 221; 194; 215; 198; 80; 236; 219; ; 182; 211; 223; 218; 213; 158; 191; 106; 169; 190; 189; 144; 193; 206; 180; 215; 234; 214; 185; 137; 205; 196; 80; 222; 210; 133; 207
Jango Fett; 272; 280; 271; 298; 211; 263; 244; 258; 254; 265; 255; 218; 193; 271; 248; 269; 263; 269; 298; 299; 193; 246; 262; 302; 276; 281; 275; 262; 161; 288; 286; 251; 250; 261; 303; 279; 266; 241; 251; 278; 232; 246; 259; 223; 266; 282; 277; 228
Ninth Sister; 108; 297; 196; 185; 219; 110; 227; 108; 132; 203; 188; 148; 156; 256; 138; 216; 227; 132; 187; 167; 227; 268; 218; 132; 185; 220; 276; 149; 153; 235; 271; 193; 232; 195; 262; 108; 158; 224; 249; 225; 261; 208; 257; 108; 207; 259; 196; 234
Seventh Sister; 105; 285; 186; 293; 273; 107; 264; 105; 105; 230; 213; 158; 148; 327; 135; 275; 284; 145; 217; 181; 270; 301; 228; 166; 220; 239; 330; 219; 148; 290; 183; 211; 278; 236; 314; 105; 153; 222; 302; 289; 318; 234; 278; 105; 228; 307; 170; 234
50R-T; 108; 108; 108; 146; ; ; 108; 108; ; 206; 143; 108; 180; 208; 108; 167; 164; 108; ; 108; ; 108; ; 108; 132; 108; 227; 133; 108; ; ; 133; 108; 202; 108; ; ; 108; 108; 108; 218; 196; 213; 108; ; ; ; 
Admiral Piett; 326; 288; 336; 207; 339; 322; 196; 272; 238; 297; 260; 322; 312; 315; 353; 283; 256; 348; 286; 287; 328; 297; 223; 324; 301; 326; 306; 263; 319; 304; 255; 326; 330; 331; 303; 245; 285; 233; 321; 293; 329; 319; 320; 318; 313; 313; 246; 323
Asajj Ventress; 197; 232; 150; 203; 149; 166; 214; 204; 180; 214; 198; 148; 196; 192; 178; 222; 189; 186; 224; 211; 201; 186; 195; 226; 193; 232; 198; 188; 136; 201; 186; 187; 211; 189; 210; 196; 224; 217; 153; 196; 175; 231; 194; 184; 183; 199; 188; 190
BB-8; 265; 262; 194; 180; 120; ; 272; ; 225; 211; ; 206; 301; 201; 291; 224; 212; 144; 241; 244; ; 298; 150; 234; 212; 233; 300; 198; 179; 213; 287; 222; 250; 240; 294; 304; 235; 144; 271; 161; 248; 274; 154; 228; 198; 266; 144; 300
Chewbacca; 264; 251; 270; 262; 243; 264; 233; 236; 246; 235; 285; 266; 232; 245; 269; 242; 240; 237; 255; 273; 240; 252; 260; 258; 241; 259; 244; 260; 285; 236; 255; 227; 262; 282; 253; 251; 262; 246; 252; 269; 281; 257; 260; 302; 254; 283; 242; 270
CT-5555 "Fives"; 197; 285; 235; 243; 189; 228; 270; 221; 247; 241; 222; 202; 167; 230; 203; 213; 212; 177; 267; 249; 210; 206; 201; 236; 220; 254; 254; 215; 213; 227; 251; 289; 159; 196; 225; 226; 214; 167; 242; 226; 218; 238; 166; 259; 220; 263; 228; 253
Darth Malak; 248; 247; ; 187; ; 286; 257; 307; 306; 279; 273; 194; 295; 280; 298; 291; 268; ; 305; 238; ; 280; ; 264; 288; 312; 287; 272; 223; 264; 293; 267; 257; 301; 287; 214; 295; 290; 306; 265; 278; 316; 304; ; 269; 285; 180; 245
Darth Nihilus; 243; 226; 194; 177; 178; 232; 168; 179; 112; 279; 193; 108; 120; 232; 229; 229; 205; 100; 235; 211; 231; 193; 215; 216; 160; 241; 172; 140; 139; 210; 223; 212; 184; 206; 222; 229; 212; 168; 238; 172; 232; 221; 238; 102; 208; 243; 169; 191
Darth Traya; 234; 248; 218; 167; 120; 230; 176; 226; 204; 256; 217; 130; 150; 236; 273; 271; 230; 207; 282; 235; 252; 223; 191; 223; 179; 259; 216; 223; 196; 201; 242; 225; 173; 240; 256; 267; 236; 247; 237; 199; 263; 246; 258; 122; 224; 279; 245; 217
Embo; 214; 247; 110; 196; 110; 110; 205; 226; ; 173; 260; 110; 170; 253; 110; 250; 177; 110; 261; 110; ; 110; 186; 110; 219; 239; 234; 220; 263; 242; 242; 128; 163; 110; 140; 160; 277; 128; 110; 110; 205; 211; 159; 205; 259; 286; 191; 249
Emperor Palpatine; 244; 237; 250; 221; 263; 257; 253; 211; 245; 236; 246; 219; 205; 221; 258; 257; 187; 255; 243; 221; 233; 240; 213; 248; 204; 257; 251; 226; 220; 233; 254; 241; 246; 241; 278; 269; 237; 237; 247; 261; 225; 256; 255; 276; 235; 242; 228; 237
Fifth Brother; 105; 273; 217; 280; 273; 105; 282; 105; 265; 226; 220; 182; 172; 314; 135; 247; 270; 145; 250; 240; 278; 313; 226; 151; 212; 243; 307; 177; 117; 268; 105; 199; 261; 237; 318; 157; 117; 142; 270; 268; 294; 233; 294; 105; 221; 281; 270; 267
General Grievous; 188; 233; 196; 236; 149; 203; 187; 190; 233; 218; 209; 237; 160; 211; 239; 223; 242; 223; 194; 234; 234; 205; 185; 223; 204; 223; 163; 222; 178; 180; 230; 222; 194; 217; 224; 196; 206; 193; 228; 201; 182; 228; 175; 228; 213; 162; 195; 209
Grand Admiral Thrawn; 269; 245; 285; 231; 305; 278; 191; 245; 228; 311; 293; 212; 233; 271; 276; 268; 244; 224; 306; 228; 266; 242; 239; 243; 281; 290; 188; 281; 150; 283; 296; 296; 316; 310; 310; 283; 266; 287; 294; 262; 271; 292; 293; 292; 273; 242; 235; 256
Grand Master Yoda; 305; 278; 295; 299; 293; 295; 287; 275; 282; 287; 303; 234; 215; 288; 269; 276; 275; 286; 300; 296; 297; 278; 234; 271; 300; 272; 273; 277; 282; 250; 278; 315; 266; 300; 299; 274; 280; 246; 291; 268; 254; 265; 266; 289; 272; 256; 246; 263
Grand Moff Tarkin; 122; 205; 173; 209; 276; 240; 206; 244; 124; 217; 273; 132; 147; 231; 200; 255; 251; 224; 261; 178; 223; 196; 211; 200; 198; 259; 181; 220; 132; 253; 228; 241; 245; 197; 216; 226; 225; 256; 239; 248; 246; 245; 240; 213; 214; 149; 208; 239
Hermit Yoda; 257; 266; 230; 200; 292; 224; 301; 289; 289; 286; 231; 308; 305; 290; 305; 251; 238; 267; 304; 297; 220; 294; 258; 298; 298; 276; 294; 272; 267; 291; 327; 240; 346; 334; 310; 292; 311; 265; 293; 279; 287; 262; 294; 287; 322; 304; 261; 282
Hondo Ohnaka; 100; 100; 225; 204; ; 100; 100; 100; ; 193; 129; 192; 162; 119; 100; ; 170; 100; ; 200; ; 100; ; 100; 171; 100; 232; 100; 119; ; ; 186; 100; ; 100; 100; ; ; 100; 100; 119; 192; ; 100; ; ; 108; 
Jedi Knight Luke Skywalker; 220; 214; ; ; 208; ; 141; 213; 235; 197; ; 178; 216; 202; 175; 213; 221; ; 240; 200; ; ; ; 149; 187; 229; 245; 195; 242; 185; 208; ; 231; 198; 227; 199; 205; 202; ; 239; 164; 158; 199; 211; 223; 124; 199; 218
Jyn Erso; 203; 235; 100; 192; 179; 100; 190; 266; 198; 209; 138; 100; 179; 285; 185; 144; 214; 139; 183; 228; ; 145; 166; 223; 201; 163; 172; 178; 162; 224; 235; 125; 208; 206; 151; 145; 221; 145; 211; 204; 259; 232; 100; 100; 283; 179; 193; 100
Kylo Ren (Unmasked); 126; 249; 262; 182; 190; 126; 175; 191; 132; 183; 152; 261; 248; 263; 251; 221; 183; 253; 222; 211; 120; 195; 126; 259; 226; 206; 205; 139; 136; 217; 205; 201; 173; 239; 223; 169; 203; 126; 214; 224; 182; 188; 144; 263; 201; 215; 169; 176
Moff Gideon; 108; 268; 259; 170; 307; 273; 143; 154; 112; 229; 149; 313; 298; 293; 108; 162; 226; 226; 310; 283; 108; 108; 268; 108; 188; 312; 232; 154; 116; 175; 197; 317; 108; 324; 332; 108; 296; 296; 294; 348; 330; 304; 306; 183; 290; 108; 205; 315
Mon Mothma; 185; 131; 120; 110; 204; 61; 207; 208; 234; 210; 93; 185; 182; 198; 195; 188; 164; 61; 187; 224; ; 61; 61; 208; 212; 203; 224; 61; 119; 219; 220; 73; 172; 207; 221; 167; 221; 210; 61; 202; 202; 186; ; 209; 192; 221; 209; 211
Mother Talzin; 201; 216; 187; 187; 192; 106; 163; 197; 114; 150; 193; 192; 183; 164; 158; 240; 222; 112; 214; 206; 205; 102; 185; 204; 210; 219; 190; 213; 126; 219; 196; 199; 224; 208; 209; 174; 241; 193; 145; 155; 166; 233; 206; 102; 197; 225; 122; 201
Obi-Wan Kenobi (Old Ben); 208; 193; 160; 245; 227; 144; 223; 195; 212; 219; 224; 255; 196; 201; 232; 224; 199; 112; 225; 240; 118; 112; 124; 232; 238; 226; 211; 210; 180; 197; 164; 181; 211; 236; 216; 223; 225; 210; 197; 191; 225; 154; 132; 249; 202; 208; 207; 186
Padmé Amidala; 293; 289; 302; 308; 305; 274; 266; 289; 278; 270; 287; 307; 311; 285; 296; 303; 296; 265; 307; 315; 287; 293; 279; 292; 289; 302; 284; 311; 280; 295; 259; 325; 275; 312; 300; 286; 291; 299; 293; 282; 286; 270; 306; 307; 301; 307; 277; 281
R2-D2; 231; 230; 235; 231; 289; 218; 273; 251; 264; 275; 186; 253; 242; 269; 287; 270; 257; 145; 277; 282; 180; 264; 238; 280; 278; 301; 297; 194; 210; 283; 271; 226; 274; 277; 281; 298; 269; 296; 274; 267; 302; 261; 299; 274; 290; 259; 247; 286
Shaak Ti; 303; 349; 329; 311; 280; 308; 337; 278; 327; 315; 316; 255; 235; 333; 310; 278; 298; 220; 333; 334; 294; 320; 206; 340; 334; 283; 324; 313; 273; 278; 311; 287; 287; 303; 305; 301; 308; 219; 314; 325; 320; 296; 319; 296; 286; 349; 253; 326
T3-M4; 126; 184; 175; 240; 177; 118; 188; 225; 197; 182; 183; 160; 175; 185; 203; 186; 175; 207; 159; 107; 114; 183; 169; 126; 156; 213; 195; 132; 126; 188; 209; 193; 171; 176; 126; 156; 203; 144; 190; 126; 200; 250; 180; 195; 126; 126; 135; 126
The Mandalorian; 173; 270; 215; 213; 237; 135; 269; 224; 218; 189; 235; 181; 252; 225; 288; 264; 246; 277; 236; 241; 217; 226; 197; 239; 182; 214; 212; 188; 261; 177; 222; 234; 233; 217; 218; 199; 265; 249; 204; 193; 193; 244; 244; 291; 135; 223; 208; 135
The Mandalorian (Beskar Armor); 188; 219; 238; ; 240; 221; ; 203; 110; 180; 174; 187; 244; 189; 243; 244; 246; 240; 185; 288; 240; 225; 162; 205; 243; 241; 175; 222; 244; 216; 205; 226; 221; 245; 262; 144; 234; 210; 231; 262; 165; 226; 252; 236; 240; 237; 208; 203
Wampa; 257; 233; 156; 151; 204; 241; 218; 239; 219; 231; 169; 215; 181; 221; 217; 257; 208; 246; 181; 244; 212; 100; 190; 231; 231; 290; 198; 207; 182; 216; 230; 201; 210; 238; 240; 243; 255; 250; 271; 247; 177; 249; 217; 250; 241; 237; 208; 220
Zorii Bliss; 101; 101; 101; 144; ; ; 101; 101; ; 184; 147; ; 173; ; 101; ; 177; 101; ; 101; ; 222; ; 101; 161; 101; 129; 101; ; ; ; 101; 101; ; 101; 101; ; ; 101; 101; 101; 204; ; 101; ; ; ; 
Admiral Raddus; 105; 214; 175; 170; ; ; 105; 322; 105; 208; 136; 105; 179; 302; 105; 131; 150; 135; 105; 105; ; 105; ; 105; 179; 162; 105; 105; 153; ; 105; 105; 105; 105; 105; 105; 105; 105; 105; 105; 231; 244; ; 105; 323; ; 188; 138
Darth Malgus; 270; ; ; ; ; 264; ; ; ; ; 274; 197; 183; 278; ; ; ; ; ; 266; ; ; ; ; 265; ; 253; 245; ; ; ; ; 259; 268; 290; ; ; 236; 275; 274; ; ; ; 105; 196; 275; ; 251
Starkiller; 285; ; ; ; ; ; 278; ; ; ; ; ; ; 219; ; ; ; ; 271; ; ; ; ; 259; ; 252; ; ; ; ; 271; ; ; ; 299; ; ; ; 272; ; ; 242; ; ; ; 250; ; 
Luke Skywalker (Farmboy); 119; 165; 155; 199; 164; 114; 186; 179; 114; 165; 157; 131; 154; 125; 152; 158; 223; 114; 162; 158; 118; 114; 157; 193; 169; 114; 149; 136; 119; 129; 127; 117; 123; 164; 176; 139; 187; 114; 170; 126; 119; 182; 155; 172; 114; 114; 125; 114
Omega; 95; 218; 174; 183; ; 95; 95; 181; 95; 179; 201; 95; 156; 251; 95; 204; 135; 95; 247; 243; ; 95; ; 95; 198; 240; 151; 135; 95; 188; 229; 95; 198; 182; 260; 95; ; 95; 95; 95; 109; 174; 95; 95; 250; ; 203; 240
Mara Jade, The Emperor's Hand; 308; 289; 297; 228; 314; 302; 305; 145; 239; 307; 324; 231; 168; 308; 227; 282; 274; 323; 316; 288; 316; 285; 245; 318; 308; 320; 230; 294; 257; 290; 360; 250; 277; 324; 340; 316; 297; 297; 343; 208; 313; 284; 309; 351; 200; 308; 291; 300
Bastila Shan; 199; 209; 192; 248; 213; 241; 244; 258; 208; 249; 240; 261; 184; 203; 269; 241; 216; 230; 266; 198; 187; 250; 216; 231; 203; 237; 199; 172; 203; 231; 220; 234; 207; 218; 236; 209; 228; 228; 232; 204; 207; 200; 230; 227; 203; 235; 144; 191
Bastila Shan (Fallen); 286; 228; 215; 280; 100; 276; 285; 288; 246; 268; 292; 225; 241; 265; 292; 272; 248; 124; 309; 254; ; 276; 226; 304; 276; 256; 240; 250; 269; 251; 252; 315; 290; 313; 313; 268; 287; 280; 276; 282; 298; 260; 291; 201; 274; 320; 194; 273
Boba Fett; 281; 271; 257; 256; 249; 237; 221; 244; 186; 232; 240; 214; 278; 252; 261; 258; 253; 252; 271; 272; 240; 249; 247; 262; 237; 293; 287; 262; 254; 245; 251; 283; 233; 286; 290; 245; 244; 251; 266; 244; 231; 273; 269; 254; 261; 271; 246; 256
Dengar; 201; 218; 204; 238; 210; 217; 181; ; 176; 211; 235; 190; 148; 188; 212; 207; 234; 199; 220; 209; 214; 217; 175; 202; 199; 227; 182; 204; 145; 193; 216; 220; 171; 212; 227; 129; 225; 210; 196; 168; 178; 214; 201; 209; 219; 216; 194; 207
Krrsantan; 105; 105; 105; 143; 179; 105; 105; 251; ; 188; 132; 105; 175; 130; 105; 129; 177; 107; ; 105; ; 105; ; 105; 174; 105; 257; 105; 268; ; ; 173; 198; 105; 130; 105; ; ; 105; 105; 130; 215; ; 105; ; 287; 105; 105
Zam Wesell; 243; 287; 180; 237; 187; 100; 100; 270; 230; 247; 286; 100; 210; 235; 100; 242; 233; 234; 306; 261; 220; 100; 100; 185; 177; 291; 199; 261; 248; 318; 262; 251; 248; 285; 261; 192; 272; 183; 180; 296; 248; 239; 100; 100; 267; 281; 208; 293
Boushh (Leia Organa); 105; 105; 105; 178; 105; 105; 105; 286; ; 195; 131; 105; 324; 230; 105; 105; 185; 132; ; 105; ; 105; ; 105; 140; 105; 330; 105; 326; ; ; 224; 105; ; 226; 105; ; ; 105; 105; 138; 248; 207; 105; ; 331; 187; 105
Eighth Brother; 105; 231; 190; 252; 247; 118; 242; 105; 120; 234; 236; 179; 157; 264; 135; 212; 243; 250; 246; 166; 269; 289; 240; 160; 197; 222; 296; 159; 120; 244; 286; 173; 246; 220; 299; 139; 150; 139; 170; 277; 258; 224; 327; 105; 203; 290; 205; 215
Greedo; 156; 174; 100; 165; 145; 143; 162; 215; 148; 165; 183; 174; 256; 209; 156; 135; 169; 113; 217; 192; ; 100; 191; 157; 188; 198; 213; 146; 170; 211; 165; 198; 195; 203; 225; 122; 185; 122; 169; 176; 122; 175; 210; 211; 134; 237; 211; 184
Second Sister; 105; 275; 212; 223; 271; 105; 258; 105; 148; 247; 238; 188; 188; 294; 135; 261; 259; 142; 287; 166; 262; 269; 235; 148; 193; 224; 294; 273; 191; 247; 288; 222; 262; 216; 299; 105; 211; 142; 242; 305; 267; 243; 329; 105; 213; 264; 210; 262
Boba Fett, Scion of Jango; ; ; ; ; ; ; ; ; ; ; ; ; 248; 219; ; ; ; ; ; 257; ; ; ; ; ; 174; 190; 189; ; ; ; ; 200; ; 186; ; ; 247; ; ; ; 215; ; 259; 216; ; ; 109
Count Dooku; 235; 282; 196; 274; 291; 268; 246; 278; 239; 279; 333; 235; 176; 271; 250; 286; 271; 284; 291; 263; 263; 229; 250; 289; 222; 275; 235; 241; 191; 290; 278; 294; 289; 265; 285; 278; 282; 265; 297; 287; 257; 291; 271; 100; 248; 291; 302; 299
CT-7567 "Rex"; 294; 299; 315; 294; 286; 291; 303; 271; 300; 289; 284; 223; 242; 299; 292; 295; 275; 121; 304; 321; 316; 303; 285; 289; 303; 283; 268; 284; 225; 279; 317; 304; 254; 315; 314; 253; 264; 284; 269; 263; 310; 253; 269; 312; 274; 306; 259; 277
Darth Sion; 234; 229; 229; 196; 108; 232; 208; 182; 108; 249; 209; 137; 151; 250; 237; 231; 192; 108; 259; 217; 262; 221; 200; 241; 197; 270; 213; 168; 137; 239; 236; 204; 209; 212; 244; 204; 235; 225; 253; 201; 252; 255; 251; 192; 231; 272; 198; 108
Dash Rendar; 290; 242; 228; 151; 272; 134; 244; 273; 112; 215; 212; 134; 182; 279; 112; 191; 173; 240; 251; 210; ; 134; 140; 266; 174; 310; 192; 174; 268; 245; 281; 146; 246; 228; 316; 164; 112; 112; 279; 208; 278; 282; 208; 185; 293; 289; 223; 164
Fennec Shand; 100; 181; 156; 136; 100; 100; 100; 223; ; 167; 124; 104; 208; 190; 100; 164; 159; 100; ; 100; ; 100; ; 100; 160; 218; 240; 147; 252; 100; 200; 100; 100; 197; 290; 100; 100; 100; 100; 121; 265; 215; 118; 292; ; 243; 100; 100
General Hux; 135; 294; 286; 159; 271; 120; 215; 135; ; 212; 146; 276; 269; 250; 270; 231; 184; 309; 120; 261; ; 120; 135; 125; 283; 229; 304; 120; 136; 219; 171; 194; 209; 306; 237; 120; 120; 124; 120; 135; 182; 230; ; 302; 211; 277; 120; 120
IG-88; 233; 213; 216; 211; 216; 204; 199; 121; 168; 229; 250; 195; 227; 216; 222; 250; 228; 217; 223; 240; 263; 238; 212; 256; 228; 240; 188; 223; 156; 218; 228; 229; 215; 218; 241; 164; 232; 233; 178; 204; 199; 233; 225; 221; 233; 232; 187; 208
Jolee Bindo; 132; 184; 188; 226; 193; 209; 209; 233; 174; 210; 218; 169; 170; 199; 206; 212; 220; 202; 233; 189; 167; 215; 175; 188; 157; 226; 178; 215; 124; 189; 226; 217; 213; 214; 189; 170; 197; 198; 210; 217; 227; 233; 187; 213; 193; 207; 151; 215
Ki-Adi-Mundi; 110; 227; 191; 183; ; 243; 169; 110; 199; 183; 138; ; ; 228; 110; 252; 190; 159; 204; 110; ; ; ; 110; 188; ; 153; 125; ; ; 228; ; 178; 192; 213; 110; ; 110; 110; 110; 110; 184; ; 110; ; 220; 110; 110
Nute Gunray; 251; 281; 230; 220; 223; 236; 254; 285; 100; 292; 271; 258; 164; 276; 259; 289; 231; 144; 284; 202; 249; 239; 198; 273; 256; 300; 281; 275; 196; 295; 286; 242; 287; 279; 246; 260; 244; 174; 233; 227; 232; 244; 285; 261; 271; 281; 226; 274
Qi'ra; 195; 226; 183; 178; ; ; 145; 205; ; 213; 161; 110; 146; 197; 167; 180; 182; 139; 110; 169; ; 110; 184; 130; 210; 110; 204; 198; 117; 213; 178; 130; 110; 219; 168; 110; 224; 110; 216; 110; 142; 264; 154; 110; 139; 250; 110; 
Sana Starros; 105; 105; 249; 148; 105; ; 105; 105; ; 190; 127; 105; 136; ; 105; ; 169; 105; ; ; ; ; ; 105; 175; 105; 183; 105; ; ; ; 105; 105; ; 233; 105; ; ; 105; 105; 105; 158; 105; 105; ; 229; 105; 
The Armorer; 105; 236; 218; 205; 247; 105; 175; 219; 217; 206; 162; 128; 239; 215; 105; 244; 182; 105; 294; 288; 279; 105; 105; 105; 210; 294; 188; 168; 105; 171; 214; 325; 233; 298; 319; 186; 182; 255; 109; 285; 142; 309; 295; 105; 213; ; 105; 105
Darth Talon; 248; 249; 226; 190; 196; 221; 241; 105; 105; 226; 251; 105; 126; 245; 135; 222; 179; 105; 255; 223; ; 107; 199; 240; 161; 268; 162; 162; 143; 230; 275; 174; 227; 229; 306; 160; 105; 105; 245; 201; 134; 220; ; 105; 218; 262; 219; 134
Director Krennic; 100; 186; 100; 148; 229; 221; 100; 100; 178; 210; 190; 100; 129; 228; 100; 123; 193; 100; 244; 217; 216; 100; 199; 100; 161; 219; 129; 229; ; 158; 160; 226; 100; 100; 222; 195; 211; 190; 229; 231; 235; 222; 235; 100; 129; 129; 149; 238
General Kenobi; 231; 256; 264; 259; 226; 197; 207; 264; 251; 234; 232; 250; 204; 241; 272; 241; 231; 235; 297; 262; 215; 241; 219; 245; 225; 257; 227; 254; 181; 245; 235; 249; 234; 226; 237; 232; 268; 200; 269; 201; 218; 253; 204; 244; 237; 244; 203; 233
Iden Versio; 199; 192; 234; 157; 174; 193; 105; 124; ; 188; 132; 120; 138; 238; 105; 250; 184; 118; ; 241; ; 105; 210; 105; 173; 228; 124; 124; 183; 105; 105; 105; 105; 105; 208; 105; 105; 105; 105; 216; 212; 176; 194; 105; ; 214; 105; 105
Ahsoka Tano; 231; 218; 239; 227; 205; 225; 220; 246; 204; 234; 241; 203; 163; 188; 211; 212; 208; 212; 235; 211; 240; 228; 157; 212; 202; 237; 247; 211; 179; 213; 218; 237; 208; 209; 219; 194; 254; 187; 211; 227; 200; 220; 228; 218; 235; 226; 177; 242
Ahsoka Tano (Fulcrum); 142; 196; 112; 182; ; 125; 173; 190; 112; 186; 174; 230; 142; 232; 112; 234; 193; 142; 112; 125; ; 112; 151; 130; 156; ; 136; 239; 122; 240; 187; 112; 181; 112; 253; 112; 146; 130; 112; 112; 130; 208; 149; 125; 112; 125; ; 112
Amilyn Holdo; 70; 145; 140; 109; 70; 70; 134; 70; 70; 146; 102; 70; 159; 141; 80; 103; 153; 70; 165; 84; ; 192; ; 70; 107; 70; 175; 73; 70; 178; 186; 70; 70; 70; 70; 205; 102; 74; 70; 92; 159; 90; ; 70; 140; 70; 80; 133
B1 Battle Droid; 279; 270; 197; 253; 244; 257; 265; 265; 259; 244; 251; 256; 186; 230; 257; 238; 247; 248; 274; 218; 283; 263; 206; 243; 247; 248; 245; 253; 216; 242; 285; 230; 267; 284; 266; 269; 261; 267; 246; 295; 211; 258; 240; 287; 247; 270; 237; 248
B2 Super Battle Droid; 228; 225; 141; 216; 154; 209; 153; 199; 148; 163; 181; 228; 183; 187; 184; 196; 181; 206; 218; 153; 183; 188; 141; 192; 160; 183; 176; 167; 164; 196; 177; 129; 145; 175; 158; 160; 199; 135; 216; 212; 154; 143; 182; 229; 152; 173; 197; 184
Barriss Offee; 229; 183; 160; 172; 100; 100; 167; 100; ; 182; 135; 100; 124; 166; 100; 109; 152; 100; 197; 200; 100; 100; 158; 100; 171; 109; 168; 165; 150; 100; 184; 100; 132; 100; 100; 100; 100; 100; 177; 100; 114; 203; 100; 100; ; 186; 166; 100
Bo-Katan Kryze; 217; 229; 243; 228; 105; 203; 245; 222; 235; 228; 240; 105; 195; 238; 105; 234; 145; 114; 242; 236; 231; 105; 214; 249; 210; 235; 202; 186; 105; 221; 226; 192; 168; 232; 218; 105; 239; 229; 230; 236; 193; 228; 236; 105; 232; 232; 152; 120
Bodhi Rook; 100; 100; 100; 163; 100; ; 166; ; 100; 158; 137; 100; 156; 126; 100; 114; 166; ; 156; 130; ; 100; 108; 202; 151; 100; 133; 100; 100; 186; 139; 100; 100; 180; ; 126; 136; 126; 100; 100; 108; 205; ; 100; 100; 100; ; 100
BT-1; 105; 105; 206; 144; 105; 105; 105; 105; ; 180; 135; 185; 183; ; 105; 137; 153; 105; ; ; ; ; ; 105; 138; 105; 252; 105; ; ; ; 105; 105; ; 105; 105; ; ; 105; 105; 105; 216; 105; 105; ; 105; 105; 
Canderous Ordo; 119; 190; 161; 220; ; 183; 127; 194; 181; 146; 161; 203; 190; 189; 159; 188; 162; 122; 216; 226; ; 207; 201; 161; 173; 201; 187; 164; 134; 187; 179; 181; 211; 168; 183; 125; 205; 219; 228; 188; 222; 187; 176; 203; 197; 196; 152; 178
Captain Han Solo; 202; 232; 100; 183; 198; 165; 206; 213; 219; 246; 146; 237; 204; 216; 239; 227; 219; 111; 213; 226; ; 100; 171; 225; 231; 249; 209; 223; 184; 231; 236; ; 216; 218; 243; 253; 237; 227; 206; 215; 205; 243; 236; 196; 216; 250; 192; 242
Captain Phasma; 121; 233; 226; 171; 235; 100; 165; ; 125; 162; 153; 195; 177; 203; 216; 209; 152; 220; 198; 244; 101; 126; 168; 229; 227; 190; 240; 146; 145; 166; 154; 134; 210; 241; 206; 121; 160; 115; 201; 150; 121; 180; 184; 241; 133; 257; 132; 190
Cara Dune; 219; 236; 185; 185; 206; 133; 187; 252; 193; 213; 161; 176; 189; 191; 191; 148; 227; 130; 199; 306; 176; 237; 203; 225; 195; 133; 205; 206; 211; 235; 194; 170; 188; 209; 269; 220; 283; 130; 193; 231; 229; 196; 201; 212; 208; 253; 133; 256
Carth Onasi; 221; 234; 181; 261; 110; 197; 236; 246; 216; 209; 244; 196; 213; 191; 233; 164; 223; 153; 231; 236; ; 221; 228; 239; 215; 251; 192; 169; 176; 165; 210; 238; 234; 220; 233; 202; 238; 162; 221; 228; 159; 260; 244; 217; 231; 195; 159; 226
Cassian Andor; 128; 192; 100; 152; 153; 100; 199; 233; 172; 184; 146; 100; 162; 249; 161; 117; 147; 117; 156; 198; ; 120; 147; 174; 169; 134; 141; 158; 131; 206; 202; 117; 153; 192; 128; 128; 207; 167; 186; 133; 210; 201; 100; 100; 260; 188; 144; 100
CC-2224 "Cody"; 198; 191; 210; 210; 155; 177; 210; 221; 226; 210; 179; 109; 125; 231; 149; 218; 194; 109; 224; 244; 214; 100; 228; 219; 230; 216; 150; 226; 109; 202; 162; 174; 182; 220; 212; 115; 221; 135; 210; 143; 115; 223; 216; 100; 225; 183; 224; 115
Chief Chirpa; 192; 191; 180; 216; 199; 192; 162; 202; 164; 185; 207; 158; 129; 187; 194; 143; 185; 193; 182; 195; 136; 197; 164; 170; 175; 182; 146; 116; 120; 137; 201; 191; 174; 193; 197; 144; 204; 190; 182; 148; 110; 176; 132; 188; 128; 189; 122; 180
Clone Wars Chewbacca; 100; 130; 104; 150; 161; 98; 167; 113; 93; 170; 151; 93; 112; 100; 130; 105; 143; 100; 100; 175; 91; 100; 119; 100; 104; 98; 190; 103; 93; 158; 162; 95; 173; 95; 166; 100; 151; 98; 158; 100; 93; 117; 152; 153; 100; 95; 100; 100
Colonel Starck; 289; 240; 278; 181; 274; 264; 172; ; ; 243; 270; 226; 304; 266; 244; 121; 231; 239; 270; 258; 239; 210; 232; 128; 203; 273; 294; 267; 187; 255; 169; 273; 180; 244; 310; 269; 260; 219; 318; 263; 287; 261; 285; 219; 264; 251; 183; 302
CT-21-0408 "Echo"; 228; 292; 263; 256; 253; 237; 233; 215; 185; 249; 234; 177; 144; 239; 234; 228; 210; 121; 277; 257; 259; 248; 233; 239; 239; 232; 270; 222; 206; 232; 266; 231; 205; 247; 279; 209; 231; 231; 267; 233; 256; 211; 252; 261; 240; 262; 198; 278
Dark Trooper; 279; 181; 249; 163; 270; 263; 183; 147; 225; 203; 157; 256; 181; 245; 130; 175; 185; 267; 279; 278; 238; 195; 217; 130; 179; 220; 182; 147; 160; 130; 173; 251; 130; 219; 300; 130; 246; 245; 303; 261; 147; 196; 235; 136; 252; 269; 147; 130
Darth Maul; 156; 153; 127; 132; 185; 169; 165; 174; 94; 164; 237; 80; 94; 222; 154; 114; 195; 88; 209; 180; 213; 80; 169; 133; 115; 183; 149; 208; 111; 131; 170; 158; 162; 80; 195; 151; 217; 189; 186; 196; 168; 192; 200; 127; 167; 94; 120; 176
Darth Sidious; 153; 216; 80; 197; 285; 276; 240; 155; 142; 269; 288; 80; 142; 251; 205; 141; 251; 161; 278; 187; 294; 134; 255; 199; 123; 263; 172; 270; 136; 247; 164; 261; 239; 80; 277; 264; 262; 246; 259; 278; 251; 271; 261; 80; 258; 142; 181; 263
Death Trooper; 198; 176; 97; 139; 175; 126; 171; 97; 176; 179; 211; 112; 122; 206; 149; 198; 156; 97; 97; 208; ; 97; 128; 112; 152; 190; 199; 97; 142; 156; 178; 146; 115; 97; 194; 97; 226; 97; 141; 183; 174; 189; 204; 97; 112; 210; 112; 196
Droideka; 187; 184; 125; 119; 186; 131; 148; 161; 106; 143; 128; 115; 109; 157; 141; 128; 113; 147; 150; 161; 122; 168; 142; 141; 138; 224; 174; 166; 171; 112; 143; 91; 118; 111; 91; 156; 133; 181; 178; 103; 100; 138; 133; 175; 103; 112; 106; 128
Echo; 120; 305; 261; 174; 120; 202; 120; 277; ; 236; 268; 120; 308; 286; 120; 299; 191; 120; 346; 268; ; 120; ; 120; 274; 315; 226; 251; 120; 299; 331; 120; 314; 271; 353; 120; 120; 120; 120; 120; 247; 252; 120; 120; 323; ; 270; 309
Enfys Nest; 242; 242; 165; 172; 110; 179; 212; 235; 214; 214; 171; 238; 172; 216; 110; 241; 225; 135; 110; 222; 220; 110; ; 260; 208; 248; 233; 170; 110; 170; 225; 236; 236; 225; 159; 110; 239; 240; 110; 159; 190; 260; 256; 126; 201; 243; 147; 208
Ezra Bridger; 200; 183; 197; 178; 195; 161; 174; 195; 192; 237; 254; 141; 151; 234; 210; 214; 196; 131; 202; 206; 187; 131; 193; 222; 206; 210; 175; 174; 131; 196; 234; 214; 153; 217; 191; 153; 204; 212; 171; 183; 125; 209; 192; 170; 223; 227; 206; 215
Finn; 154; 192; 155; 161; 171; ; 139; ; 125; 161; 136; 126; 214; 149; 183; 174; 162; 107; 194; 193; ; 220; 107; 165; 179; 107; 223; 128; 130; 187; 234; 181; 177; 176; 176; 201; 139; 184; 205; 116; 107; 194; 100; 186; 179; 173; 107; 107
Gamorrean Guard; 100; 100; 100; 146; 208; 100; 220; 209; 102; 174; 160; 100; 170; 106; 100; 122; 139; 100; 100; 136; ; 100; ; 100; 145; 104; 185; 100; 173; 100; 164; 100; 100; 100; 106; 100; 100; 100; 100; 100; 106; 164; ; 160; 145; 178; 100; 
Gar Saxon; 100; 192; 162; 149; 100; 100; 100; 180; 100; 180; 169; 113; 111; 226; 100; 137; 193; 102; 100; 113; ; 100; 119; 111; 169; 100; 153; 136; 100; 120; 130; 140; 120; 100; 107; 100; 100; 102; 100; 100; 115; 181; 174; 173; 100; 113; 100; 191
Garazeb "Zeb" Orrelios; 115; 169; 152; 194; 170; 152; 154; 205; 181; 179; 166; 156; 152; 201; 179; 183; 173; 115; 159; 186; 156; 115; 171; 151; 129; 176; 127; 137; 123; 166; 163; 134; 131; 172; 186; 115; 145; 115; 181; 124; 115; 167; 170; 187; 194; 173; 145; 174
General Veers; 274; 224; 269; 125; 258; 215; 118; 101; 178; 227; 250; 234; 262; 266; 158; 144; 203; 276; 267; 232; 230; 173; 227; 93; 189; 268; 283; 237; 192; 168; 147; 249; 173; 228; 278; 205; 242; 244; 250; 280; 266; 235; 250; 85; 259; 223; 223; 251
Han Solo; 241; 231; 300; 265; 249; 230; 255; 247; 226; 252; 278; 274; 278; 291; 269; 276; 262; 261; 277; 280; 268; 264; 221; 265; 247; 271; 267; 160; 280; 221; 272; 231; 286; 271; 257; 262; 286; 279; 275; 243; 264; 222; 268; 306; 263; 240; 245; 281
Hera Syndulla; 114; 178; 160; 166; 214; 177; 163; 226; 162; 259; 157; 184; 162; 233; 193; 212; 174; 132; 154; 211; 186; 132; 189; 214; 162; 227; 135; 137; 141; 212; 151; 131; 145; 204; 140; 132; 182; 123; 185; 204; 132; 203; 175; 190; 267; 205; 180; 217
Hunter; 100; 236; 189; 180; 100; 169; 100; 201; 100; 169; 209; 100; 220; 239; 100; 237; 159; 101; 237; 234; 100; 100; ; 100; 201; 220; 188; 210; 100; 219; 214; 100; 242; 100; 247; 100; 100; 100; 100; 100; 187; 173; 100; 100; 244; ; 206; 241
IG-100 MagnaGuard; 132; 216; 205; 218; 112; 205; 181; 188; 148; 151; 195; 204; 188; 155; 192; 209; 178; 186; 217; 228; 240; 201; 161; 179; 206; 171; 196; 216; 112; 161; 197; 167; 147; 163; 150; 200; 222; 150; 204; 166; 162; 208; 181; 208; 126; 128; 137; 186
IG-11; 133; 248; 180; 192; 186; 133; 180; 236; 191; 205; 167; 169; 227; 202; 185; 203; 217; 133; 168; 218; 170; 227; 228; 177; 227; 133; 230; 198; 139; 211; 183; 188; 219; 204; 239; 157; 140; 133; 214; 197; 213; 255; 198; 213; 184; 236; 133; 139
Imperial Probe Droid; 126; 180; ; 143; ; ; 100; 100; 100; 167; 154; 100; 120; 126; 100; 171; 150; ; 100; 149; ; ; 180; 100; 148; 100; 157; 133; 100; 188; 207; 100; 100; 100; 100; 100; 109; 112; 100; 100; 100; 194; ; 100; ; 194; 110; 
Jedi Knight Anakin; 216; 275; 289; 256; 270; 254; 245; 221; 263; 244; 285; 254; 162; 287; 305; 256; 241; 251; 287; 272; 282; 289; 240; 265; 282; 283; 266; 243; 183; 181; 230; 259; 258; 279; 288; 249; 291; 269; 281; 171; 204; 266; 269; 293; 274; 288; 243; 273
Juhani; 157; 194; 137; 186; 130; 156; 202; 233; 131; 173; 180; 184; 109; 174; 167; 211; 179; 100; 216; 193; ; 180; 185; 194; 155; 231; 168; 146; 132; 160; 171; 200; 165; 172; 214; 112; 154; 192; 207; 149; 112; 197; 142; 100; 184; 199; 106; 106
K-2SO; 123; 195; 100; 169; 155; 100; 160; 251; 133; 187; 148; 100; 142; 193; 153; 192; 157; 100; 153; 204; ; 115; 130; 194; 127; 123; 115; 121; 123; 171; 193; 100; 169; 183; 123; 123; 184; 127; 199; 127; 123; 140; 100; 100; 182; 191; 123; 123
Kanan Jarrus; 95; 139; 143; 156; 140; 144; 130; 188; 149; 178; 171; 95; 124; 170; 166; 163; 126; 95; 145; 169; 118; 100; 141; 164; 102; 169; 138; 99; 99; 148; 137; 128; 107; 169; 160; 114; 134; 116; 164; 159; 95; 101; 170; 165; 168; 149; 95; 133
Kuiil; 144; 247; 205; 179; 193; 144; 189; 250; 203; 179; 194; 199; 263; 227; 196; 194; 205; 217; 214; 241; 181; 252; 185; 203; 218; 144; 192; 154; 174; 210; 184; 161; 217; 144; 258; 255; 213; 179; 200; 144; 256; 220; 199; 231; 223; 260; 174; 218
Kylo Ren; 116; 241; 244; 176; 230; 100; 168; 100; 119; 177; 166; 266; 232; 234; 252; 201; 182; 249; 196; 241; ; 146; 163; 219; 252; 179; 210; 119; 142; 196; 203; 179; 198; 264; 208; 128; 214; 116; 229; 166; 213; 220; 175; 233; 126; 251; 128; 203
L3-37; 94; 171; 110; 167; 94; 94; 109; 163; 94; 169; 126; 97; 102; 97; 139; 167; 163; 94; 94; 97; ; 145; 110; 97; 124; 94; 143; 117; 186; 153; 148; 118; 124; 94; 94; 97; 175; 97; 94; 94; 145; 152; 94; 97; 97; 160; 94; 94
Logray; 199; 211; 185; 206; 100; 189; 188; 194; 193; 203; 181; 184; 153; 186; 196; 186; 191; 127; 193; 208; 200; 201; 165; 206; 201; 100; 169; 130; 130; 140; 201; 212; 194; 100; 127; 100; 206; 191; 211; 185; 127; 217; 195; 200; 176; 189; 118; 100
Luminara Unduli; 118; 168; 100; 147; 100; 100; 177; 195; 118; 182; 184; 100; 118; 162; 145; 133; 165; 112; 160; 135; 120; 100; 100; 163; 148; 112; 122; 140; 131; 185; 140; 118; 174; 156; 118; 124; 148; 118; 184; 123; 118; 186; 154; 181; 148; 202; 100; 124
Mission Vao; 179; 220; 110; 175; 142; 176; 194; 217; 189; 186; 208; 208; 163; 208; 197; 156; 204; 128; 219; 212; 182; 192; 209; 216; 203; 215; 192; 147; 175; 215; 177; 215; 196; 214; 194; 193; 216; 128; 183; 203; 134; 205; 215; 202; 194; 224; 196; 190
Nightsister Initiate; 112; 146; 129; 154; 169; 100; 168; 112; 100; 177; 151; 102; 158; 112; 100; 215; 165; 109; 173; 187; 107; 100; 116; 212; 152; 112; 146; 149; 112; 182; 124; 139; 186; 183; 100; 112; 152; 112; 148; 100; 112; 175; 107; 100; ; 112; 100; 112
Old Daka; 193; 251; 237; 186; 210; 102; 182; 196; 126; 169; 207; 210; 238; 202; 166; 202; 236; 113; 229; 227; 256; 148; 188; 227; 236; 220; 218; 157; 87; 234; 219; 184; 219; 230; 198; 184; 222; 219; 208; 204; 192; 234; 232; 88; 201; 248; 166; 222
Pao; 133; 181; 100; 142; ; 100; 100; ; 203; 193; 120; 100; 179; 242; 100; 124; 171; ; 100; 220; ; 100; 100; 107; 189; 100; 145; 139; 100; 195; 182; 127; 173; 100; 239; 100; 208; 100; 100; 211; 133; 202; ; 100; 154; 214; 175; 100
Paploo; 151; 187; 158; 186; 158; 169; 142; 175; 159; 177; 176; 118; 140; 175; 171; 118; 180; 176; 172; 156; 173; 195; 152; 186; 197; 180; 172; 121; 121; 139; 181; 186; 193; 96; 184; 152; 189; 128; 190; 115; 108; 125; 124; 178; 171; 191; 198; 134
Princess Leia; 240; 232; 179; 232; 259; 143; 277; 238; 247; 247; 224; 197; 230; 223; 276; 266; 241; 143; 273; 254; 161; 152; 141; 264; 256; 256; 230; 174; 201; 216; 211; 190; 267; 300; 278; 211; 265; 281; 230; 263; 194; 253; 190; 262; 251; 201; 248; 241
Qui-Gon Jinn; 256; 261; 265; 261; 215; 250; 228; 273; 252; 237; 236; 121; 145; 231; 244; 243; 206; 231; 263; 253; 261; 100; 226; 219; 217; 254; 243; 245; 154; 213; 233; 250; 218; 278; 261; 145; 223; 260; 268; 265; 145; 227; 241; 100; 260; 250; 243; 145
Rebel Officer Leia Organa; 258; 265; 110; 205; 220; 217; 241; 256; 256; 269; 180; 252; 232; 264; 239; 244; 230; 172; 247; 248; 251; 110; 264; 252; 247; 258; 220; 271; 190; 238; 257; 151; 240; 251; 246; 264; 254; 267; 230; 240; 269; 244; 244; 258; 227; 278; 212; 235
Resistance Hero Finn; 126; 181; 126; 181; 126; ; 169; 126; 126; 223; 156; 136; 302; 246; 126; 168; 184; 126; 126; 158; ; 317; 126; 126; 198; ; 312; 131; 158; 185; 338; ; 126; 255; 309; 299; 175; 146; 126; 126; 251; 250; ; 126; ; 262; ; 126
Resistance Hero Poe; 114; 188; 160; 157; 114; 114; 114; 114; ; 188; 150; 124; 198; 207; 114; 163; 164; 114; 114; 114; ; 277; 114; 114; 173; 140; 269; 119; 155; 181; 302; 114; 114; 212; 272; 265; 178; 124; 114; 114; 148; 212; ; 119; 146; 234; ; 246
Rey (Scavenger); 250; 221; 225; 194; 198; 100; 250; 100; 219; 245; 132; 212; 219; 262; 281; 200; 229; 133; 252; 240; 100; 261; 171; 238; 212; 227; 268; 189; 167; 233; 257; 214; 221; 210; 143; 285; 240; 220; 225; 143; 143; 253; 100; 225; 198; 213; 164; 143
Rose Tico; 100; 182; 100; 182; 138; ; 105; ; 100; 175; 129; ; 214; 165; 100; 171; 153; 105; ; 112; ; 251; ; 100; 165; 197; 228; 100; 100; 100; 218; 136; 100; 100; ; 211; 137; ; 100; 100; 100; 219; 100; ; ; 100; 118; 100
Sabine Wren; 133; 230; 165; 176; 167; 127; 185; 217; 133; 231; 151; 127; 154; 231; 214; 241; 207; 133; 194; 243; 183; 127; 181; 127; 187; 133; 204; 190; 111; 152; 184; 162; 161; 196; 103; 103; 173; 133; 168; 136; 218; 224; 157; 184; 191; 228; 175; 206
Savage Opress; 100; 159; 208; 182; ; 100; 143; 100; 114; 181; 179; 100; 182; 194; 119; 123; 167; 100; 199; 190; ; 179; 100; 123; 155; 197; 191; 131; 177; 172; 126; 228; 159; 103; 201; 143; 173; 112; 100; 191; 182; 208; 159; 100; ; 100; 100; 183
Sith Trooper; 80; 272; 249; 155; 201; 80; 206; 110; ; 176; 117; 243; 238; 270; 221; 147; 145; 247; ; 200; ; ; 80; 92; 233; ; 252; 80; ; 172; 146; ; ; 263; 80; 80; 80; 97; ; 110; 110; 182; ; 263; ; 250; 80; 205
Tech; 95; 251; 217; 152; 95; 178; 95; 233; 95; 195; 236; 108; 290; 284; 95; 252; 182; 103; 267; 255; ; 95; ; 95; 225; 263; 165; 249; 95; 244; 266; 103; 280; 95; 254; 95; 95; 95; 95; 95; 210; 186; 95; 95; 281; ; 249; 266
Threepio & Chewie; 275; 270; 280; 273; 243; 252; 249; 217; 264; 253; 294; 252; 275; 234; 252; 271; 255; 232; 268; 293; 269; 262; 241; 261; 262; 255; 244; 212; 273; 209; 265; 244; 254; 288; 298; 258; 293; 276; 261; 249; 231; 267; 265; 291; 275; 271; 249; 301
Vandor Chewbacca; 110; 193; 118; 152; ; ; 176; ; 110; 200; 169; 110; 125; 125; 110; 181; 154; 118; 110; 110; ; 110; ; 116; 180; ; 110; 182; 182; 167; 166; 110; 110; 110; 110; 110; 209; 110; 110; 110; 180; 138; ; 110; ; 198; 110; 
Veteran Smuggler Chewbacca; 96; 131; 132; 147; 151; ; 153; 80; 152; 161; 109; 96; 152; 148; 207; 138; 128; 80; 168; 140; ; 192; ; 181; 152; 170; 128; 116; 96; 126; 140; 152; 170; 173; 157; 205; 161; 153; 145; 96; 96; 158; ; 170; 119; 96; 143; 96
Veteran Smuggler Han Solo; 139; 196; 236; 182; 219; ; 209; ; 139; 203; 151; 214; 219; 205; 265; 168; 208; 203; 198; 234; ; 181; ; 221; 186; 217; 221; 161; 144; 176; 139; 145; 156; 251; 169; 145; 220; 139; 196; 142; 139; 207; ; 244; 139; 239; 139; 139
Visas Marr; 249; 204; 75; ; 154; 215; 160; 206; 75; 184; 175; 75; 126; 254; 75; 231; 156; 75; 215; 75; ; ; 75; 249; 131; 241; 103; 129; 158; 75; 219; 75; 75; 75; 229; 75; 113; 103; 219; 75; 120; 193; ; 75; ; 232; 75; 
Wat Tambor; 302; 281; 309; 272; 231; 292; 270; 271; 297; 318; 307; 188; 178; 277; 283; 280; 245; 259; 261; 284; 294; 231; 273; 274; 285; 328; 282; 268; 221; 280; 301; 266; 274; 297; 287; 312; 300; 283; 293; 238; 253; 292; 296; 300; 312; 271; 259; 293
Wicket; 217; 210; 197; 211; 206; 168; 186; 217; 180; 231; 215; 196; 152; 206; 201; 201; 209; 194; 218; 221; 154; 220; 206; 128; 202; 201; 159; 184; 149; 195; 180; 214; 116; 221; 217; 160; 223; 197; 177; 151; 140; 200; 206; 214; 163; 204; 116; 207
Wrecker; 95; 255; 169; 147; 95; 200; 95; 227; 95; 181; 220; 95; 249; 230; 95; 242; 147; 95; 240; 218; ; 95; ; 95; 196; 246; 218; 209; 95; 227; 245; 95; 246; 95; 261; 95; 95; 95; 95; 95; 207; 162; 95; 95; 244; ; 187; 239
Young Han Solo; 100; 211; ; 190; ; ; 173; ; 100; 182; 147; 114; 119; 119; 100; 119; 176; 119; 100; 149; ; 100; 130; 102; 100; ; 119; 122; 222; 177; 128; 151; 100; ; ; 100; 190; ; 100; 100; 119; 195; 164; 100; ; 119; 119; 
Young Lando Calrissian; 95; 209; 154; 158; 95; 95; 183; 112; 95; 207; 160; 126; 130; 198; 156; 148; 148; 126; 95; 202; 118; 126; 162; 123; 152; 115; 152; 158; 108; 161; 162; 133; 184; 95; 95; 141; 213; 112; 95; 95; 130; 241; 95; 112; 126; 95; 95; 95
Zaalbar; 106; 208; 141; 204; 132; 142; 139; 224; 146; 163; 131; 185; 153; 152; 150; 161; 146; 106; 179; 194; 140; 137; 170; 175; 129; 190; 132; 110; 106; 155; 137; 167; 161; 189; 162; 172; 156; 110; 148; 166; 106; 132; 177; 175; 158; 184; 166; 133
0-0-0; 105; 105; 263; 141; 105; 105; 105; 105; ; 172; 146; 189; 186; ; 105; 168; 164; 105; ; 105; ; ; ; 105; 171; 105; 295; 105; ; ; ; 105; 105; ; 105; 105; ; ; 215; 105; 105; 232; 105; 105; 201; 105; 105; 
Kyle Katarn; 266; 216; 177; 140; 224; 105; 244; 229; 225; 196; 209; 105; 165; 270; 105; 162; 153; 129; 270; 278; ; 105; ; 253; 165; 263; 163; 124; 148; 180; 269; 108; 198; 270; 255; 126; 226; 105; 236; 297; 225; 240; 137; 105; 195; 270; 257; 218
Skiff Guard (Lando Calrissian); 105; 105; 105; 163; 105; ; 105; 219; ; 199; 138; 105; 283; 216; 105; ; 144; 105; ; 105; ; 105; ; 105; 161; 105; 280; 105; 269; ; ; 167; 105; 105; 162; 105; ; ; 105; 105; 132; 205; 192; 105; ; 284; 113; 105
Stormtrooper Han; 173; 149; 164; 147; 178; 172; 166; 174; 132; 176; 170; 147; 121; 136; 160; 155; 188; 121; 160; 125; 143; 121; 121; 162; 142; 121; 135; 136; 128; 163; 188; 129; 193; 175; 203; 137; 188; 121; 191; 140; 121; 143; 156; 188; 129; 211; 121; 157
ARC Trooper; 254; 283; 294; 258; 256; 261; 245; 242; 244; 269; 278; 209; 171; 300; 246; 283; 259; 122; 303; 290; 284; 272; 292; 323; 313; 254; 302; 266; 257; 292; 281; 260; 261; 284; 324; 240; 282; 288; 283; 269; 302; 248; 300; 293; 276; 300; 275; 290
First Order Stormtrooper; 111; 253; 227; 184; 203; 100; 153; 100; 111; 183; 138; 152; 227; 216; 206; 188; 154; 229; 100; 240; ; 100; 168; 109; 232; 181; 195; 111; 114; 148; 174; 138; 178; 200; 100; 111; 141; 100; 169; 111; 111; 126; 100; 251; 114; 205; 104; 109
First Order TIE Pilot; 183; 216; 248; 172; 261; 100; 152; 117; 117; 185; 165; 203; 210; 235; 213; 229; 172; 234; 198; 244; 104; 123; 137; 169; 223; 194; 227; 132; 125; 161; 206; 118; 218; 249; 204; 128; 212; 107; 176; 123; 117; 195; 176; 219; 117; 235; 183; 180
Royal Guard; 110; 228; 147; 140; 194; 195; 165; 188; 113; 177; 187; 119; 110; 163; 134; 185; 199; 196; 182; 151; 246; 168; 182; 110; 175; 214; 113; 210; 126; 184; 225; 142; 199; 166; 180; 182; 175; 130; 212; 193; 153; 149; 144; 167; 220; 155; 162; 181
Stormtrooper; 181; 131; 121; 156; 146; 85; 128; 182; 117; 169; 204; 96; 141; 195; 137; 192; 166; 93; 85; 233; 93; 85; 85; 93; 116; 212; 169; 129; 162; 177; 222; 85; 85; 85; 190; 113; 110; 99; 163; 107; 174; 137; 85; 85; 107; 101; 132; 209
Tusken Raider; 100; 225; 174; 155; 100; 100; 100; 187; ; 178; 180; 152; 136; 207; 100; 221; 201; 115; 218; 186; ; 100; 121; 106; 159; 222; 184; 185; 100; 204; 207; 144; 221; 100; 121; 100; 125; 106; 100; 167; 121; 169; 100; 100; 228; 100; 208; 207
Cad Bane; 209; 215; 227; 224; 196; 229; 220; 202; 223; 209; 234; 182; 235; 194; 277; 233; 144; 245; 221; 205; 222; 220; 172; 210; 194; 268; 215; 204; 123; 188; 175; 225; 178; 246; 213; 162; 214; 197; 217; 197; 113; 188; 256; 236; 254; 243; 175; 190
Baze Malbus; 90; 178; 90; 138; 115; 90; 146; 157; 161; 130; 125; 90; 95; 153; 97; 112; 153; 90; 90; 90; ; 90; ; 90; 127; 90; 90; 90; 90; 154; 148; 90; 148; 90; 90; 90; 90; 90; 131; 124; 90; 90; 90; 90; 90; 127; ; 90
Chirrut Îmwe; 141; 217; 107; 165; 173; 163; 172; 210; 219; 198; 160; 107; 173; 245; 175; 158; 205; 107; 107; 236; ; 107; 150; 203; 153; 141; 171; 159; 131; 212; 173; 152; 201; 107; 116; 160; 107; 141; 218; 164; 153; 212; 107; 107; 203; 215; 158; 107
Chopper; 152; 193; 197; 187; 197; 218; 182; 225; 222; 240; 202; 180; 184; 213; 215; 227; 180; 152; 231; 203; 210; 152; 155; 213; 216; 216; 185; 157; 179; 181; 211; 205; 167; 228; 233; 152; 214; 158; 205; 173; 152; 180; 228; 217; 235; 156; 182; 203
Geonosian Spy; 193; 235; 247; 233; 238; 191; 249; 205; 191; 241; 243; 160; 139; 206; 230; 247; 209; 220; 255; 240; 218; 194; 252; 225; 233; 255; 229; 170; 154; 249; 220; 203; 198; 211; 207; 222; 235; 208; 223; 212; 166; 247; 235; 200; 218; 248; 235; 224
Nightsister Zombie; 197; 216; 204; 189; 169; 88; 161; 180; 80; 146; 196; 166; 222; 212; 136; 220; 213; 88; 234; 194; 209; 91; 184; 209; 211; 195; 177; 141; 94; 178; 198; 164; 195; 108; 192; 142; 243; 196; 184; 173; 108; 227; 206; 84; 204; 211; 150; 181
Poggle the Lesser; 196; 264; 242; 267; 252; 222; 285; 230; 222; 283; 250; 215; 152; 217; 266; 290; 267; 261; 238; 280; 288; 205; 232; 285; 226; 273; 232; 236; 193; 245; 242; 229; 193; 234; 240; 248; 244; 241; 245; 231; 209; 262; 268; 238; 270; 198; 254; 235
Sun Fac; 159; 215; 194; 169; 188; 191; 227; 196; 174; 214; 209; 149; 120; 151; 211; 212; 181; 190; 170; 215; 216; 192; 167; 217; 202; 222; 196; 164; 118; 171; 208; 127; 127; 204; 214; 201; 189; 216; 204; 142; 109; 153; 188; 193; 218; 195; 213; 149
Teebo; 118; 172; 100; 180; 178; 157; 163; 118; 160; 194; 201; 150; 132; 161; 162; 128; 161; 112; 144; 184; 100; 136; 142; 156; 194; 208; 155; 179; 127; 174; 189; 129; 195; 198; 118; 148; 148; 131; 143; 133; 118; 194; 145; 100; 118; 118; 209; 238
Aayla Secura; 189; 219; 217; 209; 80; 212; 190; 208; 199; 208; 283; 192; 103; 245; 80; 212; 124; 89; 232; 277; 233; 80; 213; 236; 188; 229; 220; 219; 121; 230; 235; 185; 80; 229; 233; 80; 245; 254; 224; 229; 117; 215; 233; 80; 222; 218; 210; 109
Admiral Ackbar; 151; 193; 144; 188; 188; 172; 185; 208; 147; 200; 156; 113; 212; 184; 153; 142; 188; 105; 194; 189; 180; 113; 111; 179; 174; 200; 149; 126; 181; 221; 151; 185; 205; 218; 179; 119; 179; 221; 181; 162; 175; 187; 147; 192; 184; 150; 149; 202
Bistan; 129; 177; 168; 143; 100; 100; 189; 264; 188; 194; 135; 100; 165; 254; 100; 114; 186; 100; 197; 129; ; 100; 117; 110; 201; 208; 148; 151; 112; 216; 221; 157; 189; 184; 220; 137; 124; 177; 100; 121; 228; 212; 100; 100; 249; 110; 139; 255
Chief Nebit; 109; 205; 100; 143; 135; 100; 100; 189; 156; 187; 157; 100; 177; 152; 100; 109; 163; 100; 100; 200; ; 100; 130; 102; 111; 100; 185; 113; 100; 138; 202; 100; 148; 192; 140; 100; 169; 191; 169; 144; 100; 123; ; 100; ; 109; ; 109
Dathcha; 125; 215; 80; 151; 153; 80; 146; 211; 147; 172; 158; 80; 191; 197; 149; 82; 165; 80; 80; 206; ; 80; 163; 91; 125; 80; 194; 170; 118; 140; 138; 80; 187; 80; 182; 80; 138; 189; 169; 136; 80; 195; 80; 80; 80; 119; ; 125
Eeth Koth; 100; 124; 100; 158; ; 100; 171; 100; 128; 182; 159; 100; 116; 213; 100; 147; 135; 100; 128; 132; ; 100; 202; 102; 100; ; 127; 213; 118; 166; 183; 100; 190; 100; 100; 100; 100; 111; 164; 134; 128; 162; ; 100; ; 100; 100; 132
Ima-Gun Di; 100; 100; 100; 167; 100; 100; 100; 100; 100; 165; 133; 100; 108; 205; 100; 152; 132; 100; 100; 195; 106; 100; ; 100; 100; 100; 109; 122; ; 167; 189; 100; 100; 100; 100; 145; 140; 114; 100; 100; 119; 124; 127; 100; 100; 100; ; 119
Jawa Engineer; 141; 208; ; 138; ; 100; 100; 241; ; 181; 180; 100; 200; 224; 100; 133; 193; 100; ; 234; ; 100; 158; 100; 150; 100; 194; 149; 105; 125; 156; ; 216; 100; 212; 100; 155; 243; 207; 208; 100; 202; ; 100; ; 141; ; 100
Jawa Scavenger; 119; 202; 100; 152; 170; 100; 100; 194; 164; 143; 147; 100; 158; 172; 100; 125; 154; 100; 100; 149; ; 100; 132; 100; 134; 113; 155; 129; 107; 154; 203; 100; 187; 100; 143; 119; 122; 188; 188; 183; 100; 177; ; 100; 100; 119; ; 100
Kit Fisto; 107; 80; 80; 148; 80; ; 80; 80; 95; 173; 148; 80; 143; 212; 80; 138; 166; 80; ; 220; ; 80; 80; 80; 121; 80; 99; 142; 136; 148; 170; 80; 80; 80; 80; 80; 80; 90; 80; 80; 86; 165; ; 80; ; 152; ; 107
Lobot; 80; 80; 80; 116; 80; 80; 80; 80; 80; 156; 114; 80; 102; 186; 80; 134; 129; 88; 229; 94; ; 80; 84; 80; 137; 88; 80; 104; 82; 117; 136; 80; 80; 80; 80; 114; 98; 84; 80; 80; 80; 175; 80; 80; 84; 80; 80; 80
Plo Koon; 80; 169; 155; 128; 181; 175; 175; 212; 97; 182; 203; 114; 129; 186; 193; 200; 169; 176; 175; 118; 163; 80; 168; 83; 172; 212; 157; 173; 145; 207; 189; 174; 189; 197; 99; 114; 193; 183; 180; 171; 174; 202; 166; 189; 185; 80; 144; 186
Poe Dameron; 230; 179; 187; 158; 163; 100; 164; 100; 137; 184; 149; 105; 176; 164; 171; 208; 195; 110; 183; 187; ; 254; 118; 120; 156; 137; 234; 159; 122; 207; 204; 105; 203; 100; 142; 261; 207; 133; 172; 120; 169; 196; 100; 100; 142; 185; 100; 120
Talia; 173; 167; 102; 196; 135; 95; 160; 168; 103; 150; 156; 98; 201; 168; 118; 156; 229; 109; 231; 184; 165; 95; 147; 186; 132; 103; 142; 148; 95; 212; 185; 147; 183; 183; 88; 159; 187; 103; 177; 108; 103; 203; 136; 146; 128; 193; 101; 200
URoRRuR'R'R; 100; 100; 189; 218; 100; 100; 100; 249; 100; 200; 146; 172; 240; 219; 100; 123; 187; 133; 201; 212; 100; 100; 121; 100; 162; 262; 228; 147; 189; 100; 135; 201; 213; 100; 209; 100; 100; 107; 100; 198; 115; 221; 124; 100; 220; 167; 191; 202
Wedge Antilles; 212; 171; 100; 176; 220; 119; 190; 179; 158; 198; 145; 205; 155; 219; 197; 199; 213; 110; 215; 232; 110; 110; 177; 196; 199; 207; 202; 176; 154; 186; 214; 146; 194; 213; 211; 208; 251; 191; 171; 197; 134; 192; 153; 193; 193; 200; 183; 214
Lando Calrissian; 213; 217; 80; 146; 201; 115; 193; 216; 195; 210; 141; 168; 186; 228; 206; 184; 194; 80; 228; 211; ; 80; 196; 231; 208; 211; 204; 227; 159; 195; 195; 122; 205; 219; 216; 218; 220; 135; 179; 201; 211; 191; 223; 216; 208; 235; 187; 208
Biggs Darklighter; 189; 164; 153; 167; 177; 114; 198; 186; 198; 200; 166; 209; 189; 221; 199; 212; 182; 106; 218; 240; 129; 106; 119; 204; 198; 191; 172; 118; 149; 189; 213; 125; 191; 219; 213; 138; 243; 195; 171; 208; 200; 199; 139; 182; 192; 196; 163; 206
Clone Sergeant - Phase I; 171; 138; 156; 198; 115; 187; 173; 216; 174; 188; 178; 98; 126; 228; 196; 205; 136; 98; 197; 228; 191; 88; 196; 196; 138; 204; 186; 203; 113; 187; 170; 153; 149; 184; 200; 101; 230; 222; 167; 129; 107; 178; 204; 146; 197; 142; 173; 154
Coruscant Underworld Police; 100; 104; 100; 142; 100; 100; 100; 100; 100; 158; 130; 100; 106; 106; 100; 168; 133; 104; 100; 106; ; 100; 100; 104; 100; ; 115; 120; 100; 160; 183; 100; 100; 100; 100; 100; 109; 106; 100; 100; 104; 154; ; 177; ; 100; ; 106
Ewok Elder; 199; 204; 202; 188; 186; 193; 168; 199; 190; 205; 194; 147; 130; 183; 186; 156; 195; 195; 188; 203; 160; 201; 173; 198; 202; 185; 199; 136; 125; 160; 200; 188; 196; 206; 200; 166; 204; 197; 175; 159; 122; 191; 192; 198; 182; 200; 175; 187
Ewok Scout; 134; 195; 126; 204; 119; 119; 174; 191; 122; 230; 179; 140; 140; 150; 182; 157; 186; 132; 134; 213; 119; 140; 176; 122; 159; 128; 156; 161; 133; 171; 157; 226; 196; 209; 205; 149; 170; 178; 188; 192; 140; 199; 147; 115; 132; 128; 140; 198
First Order Executioner; 99; 191; 210; 127; 250; ; 146; ; 99; 165; 141; 180; 185; 191; 201; 123; 153; 194; 168; 220; ; 99; 115; 187; 206; 99; 211; 141; 137; 173; 173; 99; 80; 182; 80; 111; 189; 92; 182; 99; 99; 188; ; 215; 99; 217; 111; 87
First Order Officer; 137; 261; 277; 164; 246; 100; 201; 100; 203; 175; 151; 260; 220; 229; 264; 153; 177; 234; 211; 281; ; 100; 145; 230; 285; 227; 288; 153; 162; 205; 245; 188; 159; 271; 227; 145; 230; 161; 202; 164; 137; 198; 156; 261; 164; 286; 137; 100
First Order SF TIE Pilot; 100; 212; 222; 144; 241; 100; 162; 112; 104; 183; 160; 195; 182; 212; 231; 209; 157; 232; 100; 257; ; 100; 130; 118; 233; 184; 222; 103; 116; 131; 163; 144; 166; 224; 100; 118; 127; 112; 108; 112; 118; 189; 100; 231; 100; 217; 118; 164
Geonosian Soldier; 200; 291; 234; 250; 226; 229; 251; 223; 206; 261; 265; 174; 159; 234; 240; 228; 254; 229; 245; 262; 277; 218; 247; 249; 240; 267; 243; 249; 154; 235; 231; 243; 221; 244; 238; 252; 240; 225; 219; 220; 214; 243; 232; 232; 254; 174; 235; 239
Hoth Rebel Scout; 137; 185; 100; 160; 161; 100; 176; 202; 143; 197; 170; 122; 150; 193; 167; 128; 154; 110; 100; 215; 100; 100; 155; 122; 217; 137; 175; 156; 100; 157; 147; 100; 216; 108; 243; 100; 150; 128; 170; 172; 137; 218; 161; 100; 170; 244; 183; 143
Hoth Rebel Soldier; 98; 168; 85; 123; 123; 85; 157; 180; 98; 154; 121; 85; 101; 113; 128; 110; 142; 92; 85; 171; 85; 85; 110; 92; 153; 98; 137; 92; 88; 155; 156; 85; 157; 85; 85; 98; 128; 88; 166; 87; 85; 101; 154; 88; 98; 98; 111; 92
IG-86 Sentinel Droid; 114; 136; 100; 146; 131; 100; 158; 161; 112; 185; 152; 103; 118; 208; 103; 167; 145; 114; 168; 158; 103; 105; 105; 114; 139; 103; 137; 116; 110; 159; 190; 112; 135; 103; 116; 116; 146; 114; 172; 101; 112; 167; 179; 103; 114; 114; 100; 116
Imperial Super Commando; 100; 182; 155; 138; 100; 100; 100; 177; 103; 165; 141; 100; 109; 202; 204; 116; 189; 100; 100; 109; ; 100; 126; 104; 161; 100; 106; 164; 100; 193; 145; 127; 120; 100; 100; 100; 100; 100; 100; 100; 109; 180; 100; 100; 100; 100; 100; 181
Jawa; 121; 190; 80; 142; 207; 80; 80; 229; 142; 177; 155; 80; 186; 203; 80; 144; 180; 121; 121; 151; 80; 80; 187; 104; 109; 104; 214; 133; 203; 159; 205; 80; 185; 80; 186; 80; 134; 193; 169; 125; 121; 202; 80; 80; 80; 153; 80; 121
Jedi Consular; 113; 179; 99; 156; 130; 101; 145; 171; 132; 198; 155; 101; 131; 175; 157; 127; 170; 113; 193; 143; 98; 110; 113; 188; 171; 178; 117; 161; 119; 181; 180; 152; 176; 166; 226; 119; 151; 113; 142; 140; 119; 183; 140; 179; 113; 149; 113; 158
Jedi Knight Guardian; 80; 145; 80; 113; 80; 80; 140; 83; 83; 114; 138; 83; 92; 116; 83; 136; 138; 80; 83; 83; 80; 83; 83; 83; 125; 80; 132; 86; 80; 151; 132; 80; 80; 80; 80; 83; 96; 83; 80; 80; 83; 153; 105; 83; 83; 80; 80; 83
Magmatrooper; 101; 170; 124; 152; 101; 100; 190; 119; 100; 174; 146; 101; 134; 119; 174; 189; 180; 101; 193; 247; ; 100; 129; 116; 163; 199; 122; 136; 128; 175; 154; 130; 173; 175; 119; 119; 133; 119; 174; 145; 119; 170; 170; 100; 100; 198; 119; 111
Mob Enforcer; 100; 100; 100; 173; 100; 100; 170; 217; 100; 167; 133; 100; 181; 126; 100; 125; 120; 100; 100; 112; ; 100; 126; 102; 168; 109; 199; 115; 182; 144; 131; 100; 100; 100; 132; 100; 100; 107; 100; 100; 124; 190; 143; 109; 145; 254; 102; 109
Nightsister Acolyte; 174; 224; 85; 161; ; 85; 85; 85; ; 190; 130; 85; 168; 233; 85; 248; 219; 115; ; 115; ; 85; 199; 107; 107; ; 154; 177; 95; 157; 233; 85; 85; 85; 212; 85; 147; 115; 115; 85; 147; 207; ; 85; ; 203; 113; 85
Nightsister Spirit; 141; 144; 201; 138; 199; 90; 164; 212; 129; 166; 223; 90; 129; 135; 170; 219; 175; 107; 170; 107; 232; 115; 153; 106; 198; 218; 237; 135; 90; 213; 233; 90; 90; 221; 90; 141; 148; 216; 172; 213; 178; 270; 226; 90; 235; 235; 171; 90
Range Trooper; 235; 191; 244; 144; 177; 221; 80; 115; 188; 147; 126; 227; 207; 202; 80; 195; 132; 80; 80; 244; 238; 80; 209; 87; 151; 224; 220; 115; 184; 148; 142; 212; 80; 208; 174; 80; 211; 80; 80; 233; 166; 201; 179; 80; 207; 213; 80; 80
Scarif Rebel Pathfinder; 109; 169; 152; 162; 100; 100; 182; 189; 100; 178; 154; 100; 109; 190; 100; 120; 163; 100; 100; 109; 100; 102; 118; 102; 145; 109; 112; 129; 112; 133; 172; 160; 167; 109; 109; 109; 100; 109; 100; 113; 142; 154; 100; 100; 178; 109; 109; 156
Shoretrooper; 154; 163; 146; 154; 156; 103; 103; 103; 124; 159; 203; 108; 159; 192; 150; 191; 155; 103; 219; 207; 207; 103; 160; 103; 164; 169; 160; 111; 131; 181; 165; 120; 184; 103; 103; 103; 182; 103; 192; 186; 162; 117; 187; 205; 111; 183; 103; 163
Sith Assassin; 254; 219; 105; 281; ; 105; 162; 216; 148; 214; 204; 114; 210; 214; 105; 144; 228; 105; 105; 148; ; 105; 214; 142; 164; 105; 199; 237; 114; 183; 267; 207; 268; 105; 105; 105; 159; 137; 105; 105; 192; 203; 105; 114; 105; 148; 105; 151
Sith Empire Trooper; 185; 181; 95; 133; 110; 171; 155; 95; 95; 132; 214; 95; 125; 145; 172; 164; 121; 95; 222; 151; ; 158; 139; 217; 184; 210; 133; 134; 104; 133; 143; 111; 95; 125; 109; 195; 107; 153; 196; 95; 132; 107; 189; 154; 141; 131; 95; 95
Sith Marauder; 219; 204; 108; 227; 255; 247; 179; 268; 195; 256; 278; 163; 132; 249; 162; 165; 226; 108; 265; 126; 281; 235; 241; 136; 161; 246; 136; 213; 130; 166; 146; 244; 108; 225; 252; 240; 264; 204; 254; 229; 311; 247; 233; 108; 271; 108; 162; 266
Snowtrooper; 190; 144; 86; 139; 110; 86; 155; 150; 92; 152; 153; 86; 164; 202; 127; 172; 147; 92; 86; 209; 86; 153; 103; 92; 144; 191; 154; 92; 142; 109; 161; 115; 115; 86; 154; 98; 122; 92; 118; 86; 162; 171; 139; 152; 92; 186; 98; 98
TIE Fighter Pilot; 273; 276; 276; 203; 282; 237; 224; 243; 149; 255; 276; 252; 254; 232; 263; 289; 273; 247; 266; 280; 257; 249; 225; 268; 271; 261; 183; 240; 202; 289; 259; 262; 242; 278; 290; 190; 271; 301; 278; 218; 238; 269; 260; 221; 268; 267; 220; 290
Tusken Shaman; 100; 124; 186; 167; 100; 100; 100; 103; 100; 158; 165; 167; 176; 194; 100; 128; 203; 119; 208; 174; ; 108; 179; 100; 100; 225; 206; 144; 103; 127; 154; 133; 190; 100; 119; 100; 100; 108; 100; 150; 103; 174; 100; 100; 240; 100; 210; 100
Resistance Pilot; 115; 179; 144; 145; 150; 100; 197; 118; 115; 176; 174; 112; 154; 120; 133; 123; 158; 115; 115; 115; 112; 211; 119; 115; 160; 115; 211; 132; 118; 168; 196; 143; 177; 112; 115; 150; 128; 115; 157; 115; 115; 172; 148; 110; 115; 173; 106; 115
Resistance Trooper; 179; 210; 100; 143; 155; ; 100; 100; 121; 186; 141; 100; 161; 207; 154; 142; 183; 108; 179; 192; ; 218; 100; 100; 170; 203; 192; 102; 112; 147; 159; 149; 102; 100; 100; 195; 100; ; 155; 158; 115; 195; 100; ; 181; 172; 100; 115
Ugnaught; 106; 128; 100; 135; 106; 106; 100; 100; 100; 186; 149; 100; 102; 130; 100; 166; 131; 100; 100; 130; ; 100; 106; 106; 100; 100; 106; 138; 100; 120; 165; 100; 225; 100; 100; 100; 223; 106; 112; 225; 100; 215; 167; 106; 100; 106; ; 120
